iter	Passed	Remaining
0	0	1224
1	0	1045
2	0	873
3	1	770
4	1	686
5	1	638
6	1	606
7	1	616
8	1	605
9	1	594
10	2	581
11	2	597
12	2	579
13	2	558
14	2	541
15	2	534
16	2	522
17	3	506
18	3	545
19	3	554
20	4	569
21	4	582
22	4	583
23	4	591
24	4	585
25	4	571
26	5	560
27	5	557
28	5	555
29	5	547
30	5	545
31	5	553
32	6	553
33	6	561
34	6	555
35	6	560
36	7	587
37	7	585
38	7	583
39	7	578
40	7	573
41	8	568
42	8	561
43	8	566
44	8	565
45	8	563
46	9	566
47	9	560
48	9	558
49	9	555
50	9	553
51	9	549
52	9	548
53	10	552
54	10	545
55	10	542
56	10	536
57	10	534
58	10	538
59	10	538
60	11	535
61	11	534
62	11	532
63	11	527
64	11	534
65	12	535
66	12	535
67	12	540
68	12	541
69	12	540
70	13	538
71	13	538
72	13	534
73	13	536
74	13	532
75	13	527
76	14	531
77	14	532
78	14	528
79	14	527
80	14	528
81	14	527
82	14	524
83	15	525
84	15	526
85	15	526
86	15	527
87	15	526
88	16	525
89	16	523
90	16	522
91	16	523
92	16	525
93	16	524
94	17	521
95	17	521
96	17	521
97	17	521
98	17	520
99	17	519
100	18	518
101	18	517
102	18	516
103	18	517
104	18	519
105	19	518
106	19	518
107	19	518
108	19	518
109	19	516
110	19	516
111	20	516
112	20	516
113	20	514
114	20	515
115	20	516
116	20	516
117	21	515
118	21	515
119	21	515
120	21	514
121	21	514
122	21	514
123	22	513
124	22	513
125	22	512
126	22	513
127	22	513
128	23	511
129	23	512
130	23	511
131	23	511
132	23	511
133	23	510
134	24	511
135	24	511
136	24	512
137	24	513
138	24	512
139	25	512
140	25	511
141	25	512
142	25	510
143	25	509
144	25	510
145	26	509
146	26	510
147	26	511
148	26	510
149	26	511
150	27	510
151	27	510
152	27	509
153	27	509
154	27	508
155	27	508
156	27	506
157	28	506
158	28	507
159	28	507
160	28	505
161	28	505
162	29	506
163	29	507
164	29	506
165	29	506
166	29	506
167	30	506
168	30	506
169	30	505
170	30	505
171	30	506
172	30	506
173	31	506
174	31	506
175	31	505
176	31	504
177	31	505
178	32	505
179	32	505
180	32	505
181	32	505
182	32	506
183	33	505
184	33	504
185	33	505
186	33	505
187	33	505
188	33	505
189	34	505
190	34	505
191	34	504
192	34	504
193	34	504
194	35	504
195	35	504
196	35	504
197	35	504
198	35	504
199	36	504
200	36	504
201	36	504
202	36	503
203	36	504
204	36	504
205	37	504
206	37	505
207	37	506
208	37	505
209	38	506
210	38	506
211	38	507
212	38	506
213	38	506
214	39	506
215	39	507
216	39	507
217	39	507
218	39	507
219	40	508
220	40	508
221	40	508
222	40	509
223	41	510
224	41	510
225	41	511
226	41	511
227	42	513
228	42	513
229	42	514
230	42	514
231	43	514
232	43	514
233	43	514
234	43	515
235	44	516
236	44	517
237	44	518
238	44	518
239	45	518
240	45	519
241	45	520
242	45	520
243	46	520
244	46	520
245	46	520
246	46	521
247	46	521
248	47	521
249	47	521
250	47	522
251	47	523
252	48	523
253	48	523
254	48	523
255	48	524
256	49	525
257	49	526
258	49	526
259	49	526
260	50	526
261	50	527
262	50	528
263	51	529
264	51	529
265	51	529
266	51	530
267	52	530
268	52	531
269	52	532
270	53	533
271	53	535
272	53	535
273	53	536
274	54	537
275	54	537
276	54	538
277	54	538
278	55	539
279	55	539
280	55	539
281	56	540
282	56	540
283	56	541
284	56	541
285	57	541
286	57	541
287	57	541
288	57	541
289	58	542
290	58	542
291	58	542
292	58	542
293	58	542
294	59	543
295	59	543
296	59	543
297	59	543
298	60	543
299	60	543
300	60	543
301	60	543
302	61	543
303	61	544
304	61	544
305	61	544
306	62	544
307	62	544
308	62	544
309	62	544
310	62	544
311	63	544
312	63	544
313	63	545
314	63	545
315	64	545
316	64	546
317	64	546
318	65	546
319	65	547
320	65	546
321	65	546
322	65	546
323	66	545
324	66	545
325	66	545
326	66	545
327	66	545
328	67	545
329	67	544
330	67	544
331	67	544
332	67	543
333	68	543
334	68	543
335	68	543
336	68	542
337	68	542
338	69	542
339	69	541
340	69	541
341	69	541
342	69	541
343	70	540
344	70	540
345	70	540
346	70	540
347	70	540
348	71	540
349	71	539
350	71	539
351	71	539
352	71	538
353	72	538
354	72	538
355	72	538
356	72	537
357	72	538
358	73	537
359	73	537
360	73	537
361	73	537
362	73	536
363	74	536
364	74	536
365	74	535
366	74	536
367	74	536
368	75	535
369	75	535
370	75	535
371	75	535
372	75	535
373	76	534
374	76	534
375	76	534
376	76	534
377	76	533
378	77	534
379	77	534
380	77	534
381	78	534
382	78	534
383	78	534
384	78	535
385	78	534
386	79	534
387	79	534
388	79	534
389	79	533
390	79	533
391	80	533
392	80	533
393	80	532
394	80	532
395	80	532
396	81	533
397	81	532
398	81	532
399	81	532
400	82	532
401	82	531
402	82	531
403	82	531
404	82	530
405	83	530
406	83	530
407	83	530
408	83	530
409	83	530
410	84	530
411	84	529
412	84	529
413	84	529
414	84	529
415	85	528
416	85	528
417	85	528
418	85	528
419	85	528
420	86	527
421	86	527
422	86	527
423	86	527
424	86	526
425	87	526
426	87	526
427	87	526
428	87	525
429	87	525
430	88	525
431	88	525
432	88	524
433	88	524
434	88	524
435	89	524
436	89	524
437	89	523
438	89	523
439	90	523
440	90	523
441	90	523
442	90	523
443	90	523
444	91	523
445	91	522
446	91	522
447	91	522
448	91	522
449	92	522
450	92	522
451	92	521
452	92	521
453	92	521
454	93	521
455	93	520
456	93	520
457	93	520
458	93	520
459	94	519
460	94	521
461	94	521
462	95	521
463	95	521
464	95	520
465	95	520
466	95	520
467	96	520
468	96	519
469	96	519
470	96	519
471	96	518
472	97	518
473	97	518
474	97	518
475	97	518
476	97	517
477	98	517
478	98	517
479	98	517
480	98	517
481	98	516
482	99	516
483	99	516
484	99	515
485	99	515
486	99	515
487	100	515
488	100	515
489	100	515
490	100	514
491	100	514
492	101	514
493	101	514
494	101	513
495	101	513
496	101	513
497	102	512
498	102	512
499	102	512
500	102	512
501	102	512
502	103	511
503	103	511
504	103	511
505	103	510
506	103	510
507	104	510
508	104	510
509	104	510
510	104	510
511	104	509
512	105	509
513	105	509
514	105	509
515	105	509
516	105	508
517	106	508
518	106	508
519	106	508
520	106	508
521	107	508
522	107	507
523	107	507
524	107	507
525	107	507
526	108	506
527	108	506
528	108	506
529	108	506
530	108	505
531	109	505
532	109	505
533	109	505
534	109	505
535	109	504
536	110	504
537	110	504
538	110	504
539	110	503
540	110	503
541	111	503
542	111	504
543	111	504
544	112	504
545	112	504
546	112	504
547	112	504
548	112	504
549	113	503
550	113	503
551	113	503
552	113	503
553	113	502
554	114	502
555	114	502
556	114	502
557	114	501
558	114	501
559	115	501
560	115	501
561	115	501
562	115	500
563	115	500
564	116	500
565	116	499
566	116	499
567	116	499
568	116	499
569	117	499
570	117	499
571	117	499
572	117	499
573	118	499
574	118	499
575	118	499
576	118	498
577	118	498
578	119	498
579	119	498
580	119	498
581	119	497
582	120	498
583	120	498
584	120	497
585	120	497
586	121	497
587	121	497
588	121	497
589	121	496
590	121	496
591	121	496
592	122	495
593	122	495
594	122	495
595	122	495
596	122	495
597	123	494
598	123	494
599	123	494
600	123	494
601	124	494
602	124	493
603	124	493
604	124	493
605	124	493
606	125	492
607	125	492
608	125	492
609	125	492
610	125	492
611	126	491
612	126	491
613	126	491
614	126	491
615	126	491
616	127	491
617	127	490
618	127	490
619	127	490
620	127	490
621	128	489
622	128	489
623	128	489
624	128	488
625	128	488
626	129	488
627	129	488
628	129	488
629	129	487
630	129	487
631	130	487
632	130	487
633	130	487
634	130	487
635	130	486
636	131	486
637	131	486
638	131	485
639	131	485
640	131	485
641	132	485
642	132	485
643	132	484
644	132	484
645	132	484
646	133	484
647	133	483
648	133	483
649	133	483
650	133	483
651	134	483
652	134	482
653	134	482
654	134	482
655	134	482
656	135	481
657	135	481
658	135	481
659	135	481
660	135	480
661	136	480
662	136	480
663	136	480
664	136	479
665	136	479
666	137	479
667	137	478
668	137	478
669	137	478
670	137	478
671	137	477
672	138	477
673	138	477
674	138	477
675	138	476
676	138	476
677	139	476
678	139	476
679	139	475
680	139	475
681	139	475
682	140	474
683	140	475
684	140	474
685	140	474
686	140	474
687	141	474
688	141	473
689	141	473
690	141	473
691	141	473
692	142	472
693	142	472
694	142	472
695	142	472
696	142	472
697	143	471
698	143	471
699	143	471
700	143	471
701	143	470
702	144	470
703	144	470
704	144	470
705	144	469
706	144	469
707	145	469
708	145	469
709	145	468
710	145	468
711	145	468
712	145	468
713	146	468
714	146	467
715	146	467
716	146	467
717	146	467
718	147	466
719	147	466
720	147	466
721	147	466
722	147	465
723	148	465
724	148	465
725	148	465
726	148	465
727	148	464
728	149	464
729	149	464
730	149	464
731	149	463
732	149	463
733	150	463
734	150	463
735	150	463
736	150	463
737	151	462
738	151	462
739	151	462
740	151	462
741	151	461
742	151	461
743	152	461
744	152	461
745	152	461
746	152	460
747	153	460
748	153	460
749	153	460
750	153	459
751	153	459
752	153	459
753	154	459
754	154	459
755	154	458
756	154	458
757	154	458
758	155	458
759	155	457
760	155	457
761	155	457
762	155	457
763	156	456
764	156	456
765	156	456
766	156	456
767	156	456
768	157	456
769	157	455
770	157	455
771	157	455
772	158	455
773	158	454
774	158	454
775	158	454
776	158	454
777	158	454
778	159	453
779	159	453
780	159	453
781	159	453
782	159	452
783	160	452
784	160	452
785	160	452
786	160	452
787	160	451
788	161	451
789	161	451
790	161	451
791	161	451
792	161	450
793	162	450
794	162	450
795	162	450
796	162	449
797	163	449
798	163	449
799	163	449
800	163	449
801	163	448
802	164	448
803	164	448
804	164	448
805	164	448
806	164	447
807	165	447
808	165	447
809	165	447
810	165	446
811	165	446
812	165	446
813	166	446
814	166	445
815	166	445
816	166	445
817	166	445
818	167	445
819	167	444
820	167	444
821	167	444
822	167	444
823	168	443
824	168	443
825	168	443
826	168	443
827	168	443
828	169	442
829	169	442
830	169	442
831	169	442
832	169	441
833	170	441
834	170	441
835	170	441
836	170	441
837	170	440
838	171	440
839	171	440
840	171	440
841	171	440
842	171	439
843	172	439
844	172	439
845	172	439
846	172	438
847	172	438
848	173	438
849	173	438
850	173	437
851	173	437
852	173	437
853	174	437
854	174	437
855	174	437
856	174	436
857	174	436
858	175	436
859	175	436
860	175	436
861	175	436
862	176	436
863	176	435
864	176	435
865	176	435
866	176	435
867	177	434
868	177	434
869	177	434
870	177	434
871	177	433
872	178	433
873	178	433
874	178	433
875	178	433
876	178	433
877	179	432
878	179	432
879	179	432
880	179	432
881	179	431
882	180	431
883	180	431
884	180	431
885	180	431
886	180	430
887	181	430
888	181	430
889	181	430
890	181	429
891	181	429
892	182	429
893	182	429
894	182	429
895	182	429
896	182	428
897	183	428
898	183	428
899	183	428
900	183	427
901	183	427
902	184	427
903	184	427
904	184	427
905	184	427
906	185	427
907	185	427
908	185	426
909	185	426
910	185	426
911	186	426
912	186	425
913	186	425
914	186	425
915	186	425
916	187	425
917	187	424
918	187	424
919	187	424
920	187	424
921	188	424
922	188	423
923	188	423
924	188	423
925	188	423
926	189	422
927	189	422
928	189	422
929	189	422
930	189	422
931	190	421
932	190	421
933	190	421
934	190	421
935	190	421
936	191	420
937	191	420
938	191	420
939	191	420
940	191	419
941	192	419
942	192	419
943	192	419
944	192	419
945	193	419
946	193	419
947	193	418
948	193	418
949	193	418
950	194	418
951	194	417
952	194	417
953	194	417
954	194	417
955	195	417
956	195	416
957	195	416
958	195	416
959	196	416
960	196	416
961	196	416
962	196	416
963	196	416
964	197	415
965	197	415
966	197	415
967	197	415
968	198	415
969	198	415
970	198	414
971	198	414
972	199	414
973	199	414
974	199	414
975	199	414
976	200	414
977	200	414
978	200	413
979	200	413
980	200	413
981	201	413
982	201	413
983	201	412
984	201	412
985	201	412
986	202	412
987	202	412
988	202	411
989	202	411
990	202	411
991	203	411
992	203	410
993	203	410
994	203	410
995	203	410
996	204	409
997	204	409
998	204	409
999	204	409
1000	204	409
1001	205	408
1002	205	408
1003	205	408
1004	205	408
1005	205	408
1006	206	407
1007	206	407
1008	206	407
1009	206	407
1010	206	407
1011	207	406
1012	207	406
1013	207	406
1014	207	406
1015	207	406
1016	208	405
1017	208	405
1018	208	405
1019	208	405
1020	208	404
1021	209	404
1022	209	404
1023	209	404
1024	209	404
1025	210	404
1026	210	403
1027	210	403
1028	210	403
1029	210	403
1030	210	402
1031	211	402
1032	211	402
1033	211	402
1034	211	401
1035	211	401
1036	212	401
1037	212	401
1038	212	401
1039	212	400
1040	212	400
1041	213	400
1042	213	400
1043	213	400
1044	213	399
1045	213	399
1046	214	399
1047	214	399
1048	214	399
1049	214	398
1050	214	398
1051	215	398
1052	215	398
1053	215	397
1054	215	397
1055	215	397
1056	216	397
1057	216	397
1058	216	396
1059	216	396
1060	216	396
1061	217	396
1062	217	396
1063	217	395
1064	217	395
1065	217	395
1066	218	395
1067	218	395
1068	218	394
1069	218	394
1070	218	394
1071	219	394
1072	219	393
1073	219	393
1074	219	393
1075	219	393
1076	220	392
1077	220	392
1078	220	392
1079	220	392
1080	220	392
1081	221	391
1082	221	391
1083	221	391
1084	221	391
1085	221	390
1086	222	390
1087	222	390
1088	222	390
1089	222	390
1090	222	390
1091	223	389
1092	223	389
1093	223	389
1094	223	389
1095	223	389
1096	224	388
1097	224	388
1098	224	388
1099	224	388
1100	225	388
1101	225	387
1102	225	387
1103	225	387
1104	225	387
1105	226	387
1106	226	386
1107	226	386
1108	226	386
1109	226	386
1110	227	386
1111	227	385
1112	227	385
1113	227	385
1114	227	385
1115	227	384
1116	228	384
1117	228	384
1118	228	384
1119	228	383
1120	228	383
1121	229	383
1122	229	383
1123	229	383
1124	229	383
1125	230	382
1126	230	382
1127	230	382
1128	230	382
1129	230	382
1130	231	381
1131	231	381
1132	231	381
1133	231	381
1134	231	380
1135	232	380
1136	232	380
1137	232	380
1138	232	380
1139	232	380
1140	233	379
1141	233	379
1142	233	379
1143	233	379
1144	233	378
1145	234	378
1146	234	378
1147	234	378
1148	234	378
1149	234	378
1150	235	377
1151	235	377
1152	235	377
1153	235	377
1154	235	376
1155	236	377
1156	237	377
1157	237	377
1158	237	377
1159	237	376
1160	237	376
1161	237	376
1162	238	376
1163	238	375
1164	238	375
1165	238	375
1166	238	375
1167	239	375
1168	239	374
1169	239	374
1170	239	374
1171	239	374
1172	240	374
1173	240	373
1174	240	373
1175	240	373
1176	241	373
1177	241	373
1178	241	372
1179	241	372
1180	241	372
1181	241	372
1182	242	371
1183	242	371
1184	242	371
1185	242	371
1186	242	371
1187	243	370
1188	243	370
1189	243	370
1190	243	370
1191	243	370
1192	244	369
1193	244	369
1194	244	369
1195	244	369
1196	244	369
1197	245	368
1198	245	368
1199	245	368
1200	245	368
1201	245	367
1202	246	367
1203	246	367
1204	246	367
1205	246	367
1206	246	366
1207	247	366
1208	247	366
1209	247	366
1210	247	365
1211	247	365
1212	248	365
1213	248	365
1214	248	365
1215	248	364
1216	248	364
1217	249	364
1218	249	364
1219	249	364
1220	250	364
1221	250	364
1222	250	364
1223	250	363
1224	250	363
1225	251	363
1226	251	363
1227	251	363
1228	251	362
1229	252	362
1230	252	362
1231	252	362
1232	252	361
1233	252	361
1234	252	361
1235	253	361
1236	253	361
1237	253	360
1238	253	360
1239	253	360
1240	254	360
1241	254	359
1242	254	359
1243	254	359
1244	254	359
1245	254	358
1246	255	358
1247	255	358
1248	255	358
1249	255	357
1250	255	357
1251	256	357
1252	256	357
1253	256	357
1254	256	356
1255	256	356
1256	256	356
1257	257	356
1258	257	355
1259	257	355
1260	257	355
1261	258	355
1262	258	355
1263	258	354
1264	258	354
1265	258	354
1266	258	354
1267	259	353
1268	259	353
1269	259	353
1270	259	353
1271	259	353
1272	260	352
1273	260	352
1274	260	352
1275	260	352
1276	260	351
1277	261	351
1278	261	351
1279	261	351
1280	261	351
1281	262	351
1282	262	350
1283	262	350
1284	262	350
1285	263	350
1286	263	350
1287	263	350
1288	263	350
1289	263	349
1290	264	349
1291	264	349
1292	264	349
1293	264	349
1294	264	348
1295	265	348
1296	265	348
1297	265	348
1298	265	347
1299	265	347
1300	266	347
1301	266	347
1302	266	347
1303	266	346
1304	266	346
1305	267	346
1306	267	346
1307	267	345
1308	267	345
1309	267	345
1310	268	345
1311	268	345
1312	268	344
1313	268	344
1314	268	344
1315	268	344
1316	269	343
1317	269	343
1318	269	343
1319	269	343
1320	269	342
1321	270	342
1322	270	342
1323	270	342
1324	270	342
1325	270	341
1326	270	341
1327	271	341
1328	271	341
1329	271	340
1330	271	340
1331	271	340
1332	271	340
1333	272	339
1334	272	339
1335	272	339
1336	272	339
1337	272	338
1338	273	338
1339	273	338
1340	273	338
1341	273	338
1342	273	337
1343	273	337
1344	274	337
1345	274	337
1346	274	336
1347	274	336
1348	275	336
1349	275	336
1350	275	336
1351	275	335
1352	275	335
1353	275	335
1354	276	335
1355	276	335
1356	276	334
1357	276	334
1358	276	334
1359	277	334
1360	277	333
1361	277	333
1362	277	333
1363	277	333
1364	278	333
1365	278	332
1366	278	332
1367	278	332
1368	278	332
1369	278	331
1370	279	331
1371	279	331
1372	279	331
1373	279	331
1374	279	330
1375	280	330
1376	280	330
1377	280	330
1378	280	330
1379	280	329
1380	281	329
1381	281	329
1382	281	329
1383	281	328
1384	281	328
1385	282	328
1386	282	328
1387	282	328
1388	282	327
1389	282	327
1390	283	327
1391	283	327
1392	283	326
1393	283	326
1394	283	326
1395	283	326
1396	284	325
1397	284	325
1398	284	325
1399	284	325
1400	284	325
1401	285	325
1402	285	324
1403	285	324
1404	285	324
1405	285	324
1406	286	323
1407	286	323
1408	286	323
1409	286	323
1410	286	323
1411	287	322
1412	287	322
1413	287	322
1414	287	322
1415	287	321
1416	287	321
1417	288	321
1418	288	321
1419	288	321
1420	288	320
1421	288	320
1422	289	320
1423	289	320
1424	289	319
1425	289	319
1426	289	319
1427	289	319
1428	290	318
1429	290	318
1430	290	318
1431	290	318
1432	290	318
1433	291	317
1434	291	317
1435	291	317
1436	291	317
1437	291	317
1438	292	316
1439	292	316
1440	292	316
1441	292	316
1442	292	315
1443	292	315
1444	293	315
1445	293	315
1446	293	315
1447	293	314
1448	293	314
1449	294	314
1450	294	314
1451	294	313
1452	294	313
1453	294	313
1454	294	313
1455	295	312
1456	295	312
1457	295	312
1458	295	312
1459	295	312
1460	296	311
1461	296	311
1462	296	311
1463	296	311
1464	296	311
1465	297	310
1466	297	310
1467	297	310
1468	297	310
1469	297	309
1470	297	309
1471	298	309
1472	298	309
1473	298	309
1474	299	309
1475	299	308
1476	299	308
1477	299	308
1478	299	308
1479	300	308
1480	300	307
1481	300	307
1482	300	307
1483	300	307
1484	300	306
1485	301	306
1486	301	306
1487	301	306
1488	301	306
1489	301	306
1490	302	305
1491	302	305
1492	302	305
1493	302	305
1494	302	304
1495	303	304
1496	303	304
1497	303	304
1498	303	304
1499	303	303
1500	304	303
1501	304	303
1502	304	303
1503	304	302
1504	304	302
1505	304	302
1506	305	302
1507	305	302
1508	305	301
1509	305	301
1510	305	301
1511	306	301
1512	306	300
1513	306	300
1514	306	300
1515	306	300
1516	306	300
1517	307	299
1518	307	299
1519	307	299
1520	307	299
1521	307	298
1522	308	298
1523	308	298
1524	308	298
1525	308	298
1526	308	297
1527	309	297
1528	309	297
1529	309	297
1530	309	297
1531	309	296
1532	310	296
1533	310	296
1534	310	296
1535	310	296
1536	310	295
1537	310	295
1538	311	295
1539	311	295
1540	311	294
1541	311	294
1542	311	294
1543	312	294
1544	312	294
1545	312	293
1546	312	293
1547	312	293
1548	313	293
1549	313	292
1550	313	292
1551	313	292
1552	313	292
1553	313	292
1554	314	291
1555	314	291
1556	314	291
1557	314	291
1558	314	291
1559	315	290
1560	315	290
1561	315	290
1562	315	290
1563	315	289
1564	315	289
1565	316	289
1566	316	289
1567	316	289
1568	316	288
1569	316	288
1570	317	288
1571	317	288
1572	317	287
1573	317	287
1574	317	287
1575	318	287
1576	318	287
1577	318	286
1578	318	286
1579	318	286
1580	319	286
1581	319	286
1582	319	285
1583	319	285
1584	319	285
1585	319	285
1586	320	284
1587	320	284
1588	320	284
1589	320	284
1590	320	284
1591	321	283
1592	321	283
1593	321	283
1594	321	283
1595	321	283
1596	321	282
1597	322	282
1598	322	282
1599	322	282
1600	322	281
1601	322	281
1602	323	281
1603	323	281
1604	323	281
1605	323	280
1606	323	280
1607	323	280
1608	324	280
1609	324	279
1610	324	279
1611	324	279
1612	324	279
1613	325	279
1614	325	278
1615	325	278
1616	325	278
1617	325	278
1618	326	278
1619	326	277
1620	326	277
1621	326	277
1622	326	277
1623	327	277
1624	327	276
1625	327	276
1626	327	276
1627	327	276
1628	328	276
1629	328	275
1630	328	275
1631	328	275
1632	328	275
1633	328	274
1634	329	274
1635	329	274
1636	329	274
1637	329	274
1638	329	273
1639	330	273
1640	330	273
1641	330	273
1642	330	273
1643	330	272
1644	330	272
1645	331	272
1646	331	272
1647	331	271
1648	331	271
1649	331	271
1650	332	271
1651	332	271
1652	332	270
1653	332	270
1654	332	270
1655	333	270
1656	333	270
1657	333	269
1658	333	269
1659	333	269
1660	333	269
1661	334	268
1662	334	268
1663	334	268
1664	334	268
1665	334	268
1666	335	267
1667	335	267
1668	335	267
1669	335	267
1670	335	267
1671	336	266
1672	336	266
1673	336	266
1674	336	266
1675	336	266
1676	336	265
1677	337	265
1678	337	265
1679	337	265
1680	337	264
1681	337	264
1682	337	264
1683	338	264
1684	338	264
1685	338	263
1686	338	263
1687	338	263
1688	339	263
1689	339	262
1690	339	262
1691	339	262
1692	340	262
1693	340	262
1694	340	262
1695	340	261
1696	340	261
1697	341	261
1698	341	261
1699	341	261
1700	342	261
1701	342	261
1702	342	260
1703	342	260
1704	343	260
1705	343	260
1706	343	260
1707	343	260
1708	344	259
1709	344	259
1710	344	259
1711	344	259
1712	345	259
1713	345	259
1714	345	258
1715	345	258
1716	345	258
1717	346	258
1718	346	258
1719	346	257
1720	346	257
1721	346	257
1722	347	257
1723	347	257
1724	347	256
1725	347	256
1726	347	256
1727	348	256
1728	348	255
1729	348	255
1730	348	255
1731	348	255
1732	348	255
1733	349	254
1734	349	254
1735	349	254
1736	349	254
1737	349	254
1738	350	253
1739	350	253
1740	350	253
1741	350	253
1742	350	253
1743	351	252
1744	351	252
1745	351	252
1746	351	252
1747	351	252
1748	352	251
1749	352	251
1750	352	251
1751	352	251
1752	352	250
1753	352	250
1754	353	250
1755	353	250
1756	353	250
1757	353	249
1758	353	249
1759	354	249
1760	354	249
1761	354	249
1762	354	248
1763	354	248
1764	355	248
1765	355	248
1766	355	247
1767	355	247
1768	355	247
1769	355	247
1770	356	247
1771	356	246
1772	356	246
1773	356	246
1774	356	246
1775	357	246
1776	357	245
1777	357	245
1778	357	245
1779	357	245
1780	357	245
1781	358	244
1782	358	244
1783	358	244
1784	358	244
1785	358	243
1786	359	243
1787	359	243
1788	359	243
1789	359	243
1790	359	242
1791	359	242
1792	360	242
1793	360	242
1794	360	241
1795	360	241
1796	360	241
1797	360	241
1798	361	241
1799	361	240
1800	361	240
1801	361	240
1802	361	240
1803	361	239
1804	362	239
1805	362	239
1806	362	239
1807	362	239
1808	362	238
1809	363	238
1810	363	238
1811	363	238
1812	363	238
1813	363	237
1814	364	237
1815	364	237
1816	364	237
1817	364	237
1818	364	236
1819	365	236
1820	365	236
1821	365	236
1822	365	236
1823	365	235
1824	365	235
1825	366	235
1826	366	235
1827	366	235
1828	366	234
1829	367	234
1830	367	234
1831	367	234
1832	367	234
1833	367	233
1834	368	233
1835	368	233
1836	368	233
1837	368	233
1838	368	232
1839	369	232
1840	369	232
1841	369	232
1842	369	232
1843	369	231
1844	370	231
1845	370	231
1846	370	231
1847	370	231
1848	370	230
1849	371	230
1850	371	230
1851	371	230
1852	371	230
1853	371	229
1854	371	229
1855	372	229
1856	372	229
1857	372	228
1858	372	228
1859	372	228
1860	373	228
1861	373	228
1862	373	227
1863	373	227
1864	373	227
1865	374	227
1866	374	227
1867	374	226
1868	374	226
1869	374	226
1870	375	226
1871	375	226
1872	375	225
1873	375	225
1874	375	225
1875	375	225
1876	376	225
1877	376	224
1878	376	224
1879	376	224
1880	376	224
1881	377	223
1882	377	223
1883	377	223
1884	377	223
1885	377	223
1886	377	222
1887	378	222
1888	378	222
1889	378	222
1890	378	222
1891	378	221
1892	379	221
1893	379	221
1894	379	221
1895	379	221
1896	379	220
1897	380	220
1898	380	220
1899	380	220
1900	380	220
1901	380	219
1902	381	219
1903	381	219
1904	381	219
1905	381	219
1906	381	218
1907	381	218
1908	382	218
1909	382	218
1910	382	217
1911	382	217
1912	382	217
1913	383	217
1914	383	217
1915	383	216
1916	383	216
1917	383	216
1918	384	216
1919	384	216
1920	384	215
1921	384	215
1922	384	215
1923	384	215
1924	385	215
1925	385	214
1926	385	214
1927	385	214
1928	385	214
1929	386	214
1930	386	213
1931	386	213
1932	386	213
1933	386	213
1934	387	213
1935	387	212
1936	387	212
1937	387	212
1938	387	212
1939	387	211
1940	388	211
1941	388	211
1942	388	211
1943	388	211
1944	388	210
1945	389	210
1946	389	210
1947	389	210
1948	389	210
1949	389	209
1950	389	209
1951	390	209
1952	390	209
1953	390	209
1954	390	208
1955	390	208
1956	391	208
1957	391	208
1958	391	208
1959	391	207
1960	392	207
1961	392	207
1962	392	207
1963	392	207
1964	392	206
1965	393	206
1966	393	206
1967	393	206
1968	393	206
1969	394	206
1970	394	205
1971	394	205
1972	394	205
1973	395	205
1974	395	205
1975	395	204
1976	395	204
1977	395	204
1978	395	204
1979	396	204
1980	396	203
1981	396	203
1982	396	203
1983	397	203
1984	397	203
1985	397	202
1986	397	202
1987	397	202
1988	398	202
1989	398	202
1990	398	201
1991	398	201
1992	398	201
1993	399	201
1994	399	201
1995	399	200
1996	399	200
1997	399	200
1998	400	200
1999	400	200
2000	400	199
2001	400	199
2002	400	199
2003	400	199
2004	401	199
2005	401	198
2006	401	198
2007	401	198
2008	402	198
2009	402	198
2010	402	197
2011	402	197
2012	402	197
2013	402	197
2014	403	197
2015	403	196
2016	403	196
2017	403	196
2018	403	196
2019	404	196
2020	404	195
2021	404	195
2022	404	195
2023	404	195
2024	404	194
2025	405	194
2026	405	194
2027	405	194
2028	405	194
2029	406	194
2030	406	193
2031	406	193
2032	406	193
2033	406	193
2034	406	192
2035	407	192
2036	407	192
2037	407	192
2038	407	192
2039	408	192
2040	408	191
2041	408	191
2042	408	191
2043	408	191
2044	409	191
2045	409	190
2046	409	190
2047	409	190
2048	410	190
2049	410	190
2050	410	189
2051	410	189
2052	410	189
2053	411	189
2054	411	189
2055	411	188
2056	411	188
2057	411	188
2058	412	188
2059	412	188
2060	412	187
2061	412	187
2062	412	187
2063	412	187
2064	413	187
2065	413	186
2066	413	186
2067	413	186
2068	413	186
2069	414	186
2070	414	185
2071	414	185
2072	414	185
2073	414	185
2074	415	185
2075	415	184
2076	415	184
2077	415	184
2078	415	184
2079	416	184
2080	416	183
2081	416	183
2082	416	183
2083	416	183
2084	417	183
2085	417	182
2086	417	182
2087	417	182
2088	417	182
2089	417	181
2090	418	181
2091	418	181
2092	418	181
2093	418	181
2094	418	180
2095	419	180
2096	419	180
2097	419	180
2098	419	180
2099	419	179
2100	420	179
2101	420	179
2102	420	179
2103	420	179
2104	420	178
2105	421	178
2106	421	178
2107	421	178
2108	421	178
2109	421	177
2110	422	177
2111	422	177
2112	422	177
2113	422	177
2114	422	176
2115	423	176
2116	423	176
2117	423	176
2118	423	176
2119	423	175
