unit,year,actual_crime,predicted_crime,used_features,Model
Dolnośląskie,2021,28.190000534057617,29.890609741210938,"['unemployment', 'population_density', 'migration_balance', 'inflation']",LSTM_exo_only
Dolnośląskie,2022,29.030000686645508,31.279945373535156,"['unemployment', 'population_density', 'migration_balance', 'inflation']",LSTM_exo_only
Dolnośląskie,2023,27.510000228881836,36.08758544921875,"['unemployment', 'population_density', 'migration_balance', 'inflation']",LSTM_exo_only
Dolnośląskie,2024,26.530000686645508,39.28520202636719,"['unemployment', 'population_density', 'migration_balance', 'inflation']",LSTM_exo_only
Kujawsko-Pomorskie,2021,20.200000762939453,24.55802345275879,"['unemployment', 'population_density', 'migration_balance', 'tourism_usage']",LSTM_exo_only
Kujawsko-Pomorskie,2022,22.530000686645508,25.339860916137695,"['unemployment', 'population_density', 'migration_balance', 'tourism_usage']",LSTM_exo_only
Kujawsko-Pomorskie,2023,21.6299991607666,26.822099685668945,"['unemployment', 'population_density', 'migration_balance', 'tourism_usage']",LSTM_exo_only
Kujawsko-Pomorskie,2024,19.010000228881836,26.997116088867188,"['unemployment', 'population_density', 'migration_balance', 'tourism_usage']",LSTM_exo_only
Lubelskie,2021,16.260000228881836,14.532550811767578,"['unemployment', 'population_density', 'public_safety_exp', 'education_exp', 'inflation']",LSTM_exo_only
Lubelskie,2022,15.789999961853027,14.134387016296387,"['unemployment', 'population_density', 'public_safety_exp', 'education_exp', 'inflation']",LSTM_exo_only
Lubelskie,2023,16.489999771118164,15.945490837097168,"['unemployment', 'population_density', 'public_safety_exp', 'education_exp', 'inflation']",LSTM_exo_only
Lubelskie,2024,15.5600004196167,16.0460205078125,"['unemployment', 'population_density', 'public_safety_exp', 'education_exp', 'inflation']",LSTM_exo_only
Lubuskie,2021,27.520000457763672,18.5914306640625,"['public_safety_exp', 'tourism_usage']",LSTM_exo_only
Lubuskie,2022,25.09000015258789,14.281538963317871,"['public_safety_exp', 'tourism_usage']",LSTM_exo_only
Lubuskie,2023,25.25,19.06041145324707,"['public_safety_exp', 'tourism_usage']",LSTM_exo_only
Lubuskie,2024,23.989999771118164,20.91398048400879,"['public_safety_exp', 'tourism_usage']",LSTM_exo_only
Mazowieckie,2021,21.940000534057617,23.88405990600586,"['unemployment', 'tourism_usage', 'inflation']",LSTM_exo_only
Mazowieckie,2022,23.299999237060547,25.096662521362305,"['unemployment', 'tourism_usage', 'inflation']",LSTM_exo_only
Mazowieckie,2023,22.1299991607666,26.410337448120117,"['unemployment', 'tourism_usage', 'inflation']",LSTM_exo_only
Mazowieckie,2024,21.68000030517578,26.790374755859375,"['unemployment', 'tourism_usage', 'inflation']",LSTM_exo_only
Małopolskie,2021,20.350000381469727,24.363616943359375,"['unemployment', 'tourism_usage']",LSTM_exo_only
Małopolskie,2022,21.889999389648438,25.07853126525879,"['unemployment', 'tourism_usage']",LSTM_exo_only
Małopolskie,2023,20.8799991607666,24.952632904052734,"['unemployment', 'tourism_usage']",LSTM_exo_only
Małopolskie,2024,24.389999389648438,24.72357940673828,"['unemployment', 'tourism_usage']",LSTM_exo_only
Opolskie,2021,18.15999984741211,20.95823097229004,"['unemployment', 'population_density', 'migration_balance', 'tourism_usage']",LSTM_exo_only
Opolskie,2022,17.34000015258789,19.16301727294922,"['unemployment', 'population_density', 'migration_balance', 'tourism_usage']",LSTM_exo_only
Opolskie,2023,16.459999084472656,20.450841903686523,"['unemployment', 'population_density', 'migration_balance', 'tourism_usage']",LSTM_exo_only
Opolskie,2024,17.010000228881836,20.856388092041016,"['unemployment', 'population_density', 'migration_balance', 'tourism_usage']",LSTM_exo_only
Podkarpackie,2021,13.90999984741211,12.28760051727295,"['avg_salary', 'public_safety_exp', 'migration_balance']",LSTM_exo_only
Podkarpackie,2022,12.930000305175781,11.812601089477539,"['avg_salary', 'public_safety_exp', 'migration_balance']",LSTM_exo_only
Podkarpackie,2023,11.5600004196167,11.38027286529541,"['avg_salary', 'public_safety_exp', 'migration_balance']",LSTM_exo_only
Podkarpackie,2024,11.75,10.978282928466797,"['avg_salary', 'public_safety_exp', 'migration_balance']",LSTM_exo_only
Podlaskie,2021,15.550000190734863,16.89894676208496,"['unemployment', 'migration_balance', 'tourism_usage', 'inflation']",LSTM_exo_only
Podlaskie,2022,19.440000534057617,17.756460189819336,"['unemployment', 'migration_balance', 'tourism_usage', 'inflation']",LSTM_exo_only
Podlaskie,2023,16.18000030517578,19.40424156188965,"['unemployment', 'migration_balance', 'tourism_usage', 'inflation']",LSTM_exo_only
Podlaskie,2024,14.6899995803833,20.405839920043945,"['unemployment', 'migration_balance', 'tourism_usage', 'inflation']",LSTM_exo_only
Pomorskie,2021,21.739999771118164,19.90435028076172,"['unemployment', 'public_safety_exp', 'tourism_usage']",LSTM_exo_only
Pomorskie,2022,23.25,19.295366287231445,"['unemployment', 'public_safety_exp', 'tourism_usage']",LSTM_exo_only
Pomorskie,2023,22.670000076293945,17.90154457092285,"['unemployment', 'public_safety_exp', 'tourism_usage']",LSTM_exo_only
Pomorskie,2024,21.469999313354492,16.859134674072266,"['unemployment', 'public_safety_exp', 'tourism_usage']",LSTM_exo_only
Warmińsko-Mazurskie,2021,18.40999984741211,20.323211669921875,"['population_density', 'avg_salary', 'migration_balance']",LSTM_exo_only
Warmińsko-Mazurskie,2022,19.850000381469727,21.24966812133789,"['population_density', 'avg_salary', 'migration_balance']",LSTM_exo_only
Warmińsko-Mazurskie,2023,18.639999389648438,21.94757843017578,"['population_density', 'avg_salary', 'migration_balance']",LSTM_exo_only
Warmińsko-Mazurskie,2024,20.739999771118164,21.802133560180664,"['population_density', 'avg_salary', 'migration_balance']",LSTM_exo_only
Wielkopolskie,2021,19.260000228881836,16.927034378051758,"['unemployment', 'avg_salary', 'education_exp', 'migration_balance', 'inflation']",LSTM_exo_only
Wielkopolskie,2022,18.899999618530273,16.768476486206055,"['unemployment', 'avg_salary', 'education_exp', 'migration_balance', 'inflation']",LSTM_exo_only
Wielkopolskie,2023,18.360000610351562,19.121009826660156,"['unemployment', 'avg_salary', 'education_exp', 'migration_balance', 'inflation']",LSTM_exo_only
Wielkopolskie,2024,18.549999237060547,18.705181121826172,"['unemployment', 'avg_salary', 'education_exp', 'migration_balance', 'inflation']",LSTM_exo_only
Zachodniopomorskie,2021,24.110000610351562,25.23963165283203,"['unemployment', 'population_density', 'avg_salary', 'education_exp', 'inflation']",LSTM_exo_only
Zachodniopomorskie,2022,22.280000686645508,25.283069610595703,"['unemployment', 'population_density', 'avg_salary', 'education_exp', 'inflation']",LSTM_exo_only
Zachodniopomorskie,2023,21.270000457763672,27.706829071044922,"['unemployment', 'population_density', 'avg_salary', 'education_exp', 'inflation']",LSTM_exo_only
Zachodniopomorskie,2024,20.329999923706055,27.690561294555664,"['unemployment', 'population_density', 'avg_salary', 'education_exp', 'inflation']",LSTM_exo_only
Łódzkie,2021,22.799999237060547,21.353736877441406,"['unemployment', 'public_safety_exp', 'tourism_usage']",LSTM_exo_only
Łódzkie,2022,19.3799991607666,19.65221405029297,"['unemployment', 'public_safety_exp', 'tourism_usage']",LSTM_exo_only
Łódzkie,2023,20.989999771118164,18.82174301147461,"['unemployment', 'public_safety_exp', 'tourism_usage']",LSTM_exo_only
Łódzkie,2024,19.239999771118164,18.399517059326172,"['unemployment', 'public_safety_exp', 'tourism_usage']",LSTM_exo_only
Śląskie,2021,27.59000015258789,24.52828025817871,"['unemployment', 'avg_salary', 'public_safety_exp', 'inflation']",LSTM_exo_only
Śląskie,2022,35.08000183105469,24.16969871520996,"['unemployment', 'avg_salary', 'public_safety_exp', 'inflation']",LSTM_exo_only
Śląskie,2023,25.940000534057617,24.97518539428711,"['unemployment', 'avg_salary', 'public_safety_exp', 'inflation']",LSTM_exo_only
Śląskie,2024,24.239999771118164,24.815330505371094,"['unemployment', 'avg_salary', 'public_safety_exp', 'inflation']",LSTM_exo_only
Świętokrzyskie,2021,18.850000381469727,18.48691749572754,"['unemployment', 'avg_salary', 'migration_balance', 'inflation']",LSTM_exo_only
Świętokrzyskie,2022,19.770000457763672,18.690696716308594,"['unemployment', 'avg_salary', 'migration_balance', 'inflation']",LSTM_exo_only
Świętokrzyskie,2023,17.209999084472656,21.11253547668457,"['unemployment', 'avg_salary', 'migration_balance', 'inflation']",LSTM_exo_only
Świętokrzyskie,2024,15.520000457763672,20.789409637451172,"['unemployment', 'avg_salary', 'migration_balance', 'inflation']",LSTM_exo_only
