unit,year,actual_crime,predicted_crime,R2_unit,MAE_unit,RMSE_unit,MAPE_unit,Model
Dolnośląskie,2021,28.19,27.749178174030163,-0.5495522161943538,0.9822605317218098,1.1410740503852985,3.5540949173462955,LSTM_exo_only
Dolnośląskie,2022,29.03,27.66550669605294,-0.5495522161943538,0.9822605317218098,1.1410740503852985,3.5540949173462955,LSTM_exo_only
Dolnośląskie,2023,27.51,27.90218972855956,-0.5495522161943538,0.9822605317218098,1.1410740503852985,3.5540949173462955,LSTM_exo_only
Dolnośląskie,2024,26.53,28.261537268410784,-0.5495522161943538,0.9822605317218098,1.1410740503852985,3.5540949173462955,LSTM_exo_only
Kujawsko-Pomorskie,2021,20.2,21.008827443632676,-0.5091662564447079,1.4704862876186313,1.6526012867120954,7.184251622255809,LSTM_exo_only
Kujawsko-Pomorskie,2022,22.53,20.704627634903165,-0.5091662564447079,1.4704862876186313,1.6526012867120954,7.184251622255809,LSTM_exo_only
Kujawsko-Pomorskie,2023,21.63,22.341662978936466,-0.5091662564447079,1.4704862876186313,1.6526012867120954,7.184251622255809,LSTM_exo_only
Kujawsko-Pomorskie,2024,19.01,21.546082362808548,-0.5091662564447079,1.4704862876186313,1.6526012867120954,7.184251622255809,LSTM_exo_only
Lubelskie,2021,16.26,14.449075944888303,-38.675818743849966,2.161851962740379,2.3205603846935396,13.590220859952339,LSTM_exo_only
Lubelskie,2022,15.79,14.094106678325588,-38.675818743849966,2.161851962740379,2.3205603846935396,13.590220859952339,LSTM_exo_only
Lubelskie,2023,16.49,18.01826196205216,-38.675818743849966,2.161851962740379,2.3205603846935396,13.590220859952339,LSTM_exo_only
Lubelskie,2024,15.56,19.172328512123244,-38.675818743849966,2.161851962740379,2.3205603846935396,13.590220859952339,LSTM_exo_only
Lubuskie,2021,27.52,27.979635588761262,-5.76090061399235,2.8135811902956913,3.336305665362936,11.402276426045935,LSTM_exo_only
Lubuskie,2022,25.09,27.325594105983264,-5.76090061399235,2.8135811902956913,3.336305665362936,11.402276426045935,LSTM_exo_only
Lubuskie,2023,25.25,28.37076759043348,-5.76090061399235,2.8135811902956913,3.336305665362936,11.402276426045935,LSTM_exo_only
Lubuskie,2024,23.99,29.428327476004757,-5.76090061399235,2.8135811902956913,3.336305665362936,11.402276426045935,LSTM_exo_only
Mazowieckie,2021,21.94,21.191871446586198,-2.577810839255362,0.9509379791929007,1.1726123781877253,4.221295991556312,LSTM_exo_only
Mazowieckie,2022,23.3,21.375725404656567,-2.577810839255362,0.9509379791929007,1.1726123781877253,4.221295991556312,LSTM_exo_only
Mazowieckie,2023,22.13,22.149059762104642,-2.577810839255362,0.9509379791929007,1.1726123781877253,4.221295991556312,LSTM_exo_only
Mazowieckie,2024,21.68,22.792289005909723,-2.577810839255362,0.9509379791929007,1.1726123781877253,4.221295991556312,LSTM_exo_only
Małopolskie,2021,20.35,22.169605204248096,0.26190417943114475,1.1232734754382987,1.333795070774637,5.269907769022786,LSTM_exo_only
Małopolskie,2022,21.89,21.875185590316743,0.26190417943114475,1.1232734754382987,1.333795070774637,5.269907769022786,LSTM_exo_only
Małopolskie,2023,20.88,22.577155110347697,0.26190417943114475,1.1232734754382987,1.333795070774637,5.269907769022786,LSTM_exo_only
Małopolskie,2024,24.39,23.428480822525856,0.26190417943114475,1.1232734754382987,1.333795070774637,5.269907769022786,LSTM_exo_only
Opolskie,2021,18.16,21.208697301068938,-154.75220106204947,6.9005862398446185,7.68734710005418,40.674977701728686,LSTM_exo_only
Opolskie,2022,17.34,21.351245699274674,-154.75220106204947,6.9005862398446185,7.68734710005418,40.674977701728686,LSTM_exo_only
Opolskie,2023,16.46,26.704411708611257,-154.75220106204947,6.9005862398446185,7.68734710005418,40.674977701728686,LSTM_exo_only
Opolskie,2024,17.01,27.307990250423607,-154.75220106204947,6.9005862398446185,7.68734710005418,40.674977701728686,LSTM_exo_only
Podkarpackie,2021,13.91,13.42182461222348,-1.5547369024170927,1.325354075110794,1.519167364748006,11.047422698692422,LSTM_exo_only
Podkarpackie,2022,12.93,13.725390556849684,-1.5547369024170927,1.325354075110794,1.519167364748006,11.047422698692422,LSTM_exo_only
Podkarpackie,2023,11.56,13.949027690683602,-1.5547369024170927,1.325354075110794,1.519167364748006,11.047422698692422,LSTM_exo_only
Podkarpackie,2024,11.75,13.37882266513337,-1.5547369024170927,1.325354075110794,1.519167364748006,11.047422698692422,LSTM_exo_only
Podlaskie,2021,15.55,14.726306112037047,-0.8520692811293458,2.003895947720133,2.4458219217374975,11.672814407665694,LSTM_exo_only
Podlaskie,2022,19.44,15.196249291402424,-0.8520692811293458,2.003895947720133,2.4458219217374975,11.672814407665694,LSTM_exo_only
Podlaskie,2023,16.18,16.985292564407693,-0.8520692811293458,2.003895947720133,2.4458219217374975,11.672814407665694,LSTM_exo_only
Podlaskie,2024,14.69,16.832846629912307,-0.8520692811293458,2.003895947720133,2.4458219217374975,11.672814407665694,LSTM_exo_only
Pomorskie,2021,21.74,21.68025409964848,-2.1817419412281414,1.1052896970198756,1.2740585971527911,4.94666023396184,LSTM_exo_only
Pomorskie,2022,23.25,21.829754608952072,-2.1817419412281414,1.1052896970198756,1.2740585971527911,4.94666023396184,LSTM_exo_only
Pomorskie,2023,22.67,23.869473465659304,-2.1817419412281414,1.1052896970198756,1.2740585971527911,4.94666023396184,LSTM_exo_only
Pomorskie,2024,21.47,23.211694031020752,-2.1817419412281414,1.1052896970198756,1.2740585971527911,4.94666023396184,LSTM_exo_only
Warmińsko-Mazurskie,2021,18.41,21.204962589539317,-10.467231591573979,3.0861152550169733,3.192592802123459,16.062672166789067,LSTM_exo_only
Warmińsko-Mazurskie,2022,19.85,22.63773406359206,-10.467231591573979,3.0861152550169733,3.192592802123459,16.062672166789067,LSTM_exo_only
Warmińsko-Mazurskie,2023,18.64,23.099443595131977,-10.467231591573979,3.0861152550169733,3.192592802123459,16.062672166789067,LSTM_exo_only
Warmińsko-Mazurskie,2024,20.74,23.04232077180454,-10.467231591573979,3.0861152550169733,3.192592802123459,16.062672166789067,LSTM_exo_only
Wielkopolskie,2021,19.26,18.245331620827866,-11.363191724390607,0.9744367061366637,1.2097171365350103,5.15217733802852,LSTM_exo_only
Wielkopolskie,2022,18.9,16.873889586718853,-11.363191724390607,0.9744367061366637,1.2097171365350103,5.15217733802852,LSTM_exo_only
Wielkopolskie,2023,18.36,18.35091422619615,-11.363191724390607,0.9744367061366637,1.2097171365350103,5.15217733802852,LSTM_exo_only
Wielkopolskie,2024,18.55,17.702117741710477,-11.363191724390607,0.9744367061366637,1.2097171365350103,5.15217733802852,LSTM_exo_only
Zachodniopomorskie,2021,24.11,25.887691032868435,-24.382898558752995,6.296211033514897,7.058921655968995,29.639980589044928,LSTM_exo_only
Zachodniopomorskie,2022,22.28,27.28626513499774,-24.382898558752995,6.296211033514897,7.058921655968995,29.639980589044928,LSTM_exo_only
Zachodniopomorskie,2023,21.27,29.52326797041567,-24.382898558752995,6.296211033514897,7.058921655968995,29.639980589044928,LSTM_exo_only
Zachodniopomorskie,2024,20.33,30.47761999577774,-24.382898558752995,6.296211033514897,7.058921655968995,29.639980589044928,LSTM_exo_only
Łódzkie,2021,22.8,22.09382408388367,-3.5331381861132796,2.7219744513289097,3.0725144863648577,13.647726772240798,LSTM_exo_only
Łódzkie,2022,19.38,21.799007982574636,-3.5331381861132796,2.7219744513289097,3.0725144863648577,13.647726772240798,LSTM_exo_only
Łódzkie,2023,20.99,24.070971598194866,-3.5331381861132796,2.7219744513289097,3.0725144863648577,13.647726772240798,LSTM_exo_only
Łódzkie,2024,19.24,23.921742308429803,-3.5331381861132796,2.7219744513289097,3.0725144863648577,13.647726772240798,LSTM_exo_only
Śląskie,2021,27.59,26.641178714735922,-0.34960341858113075,4.202918251956029,4.807317010973245,14.697529257718433,LSTM_exo_only
Śląskie,2022,35.08,27.865260364473595,-0.34960341858113075,4.202918251956029,4.807317010973245,14.697529257718433,LSTM_exo_only
Śląskie,2023,25.94,29.240939187723583,-0.34960341858113075,4.202918251956029,4.807317010973245,14.697529257718433,LSTM_exo_only
Śląskie,2024,24.24,29.58717289931005,-0.34960341858113075,4.202918251956029,4.807317010973245,14.697529257718433,LSTM_exo_only
Świętokrzyskie,2021,18.85,17.44306030447756,-1.380181620501741,2.3937397596800922,2.5024830630848416,13.806925401433197,LSTM_exo_only
Świętokrzyskie,2022,19.77,17.271726557775306,-1.380181620501741,2.3937397596800922,2.5024830630848416,13.806925401433197,LSTM_exo_only
Świętokrzyskie,2023,17.21,19.43012620005089,-1.380181620501741,2.3937397596800922,2.5024830630848416,13.806925401433197,LSTM_exo_only
Świętokrzyskie,2024,15.52,18.969619700922344,-1.380181620501741,2.3937397596800922,2.5024830630848416,13.806925401433197,LSTM_exo_only
