unemployment,population_density,avg_salary,public_safety_exp,education_exp,migration_balance,tourism_usage,inflation,year,unit,predicted_crime,scenario
4.6,143.8,8867.46,251737392.07,1356576985.57,2318.0,42.5,103.3,2025,Dolnośląskie,26.43048349206349,BAZA_2024_STABILNE
4.6,143.8,8867.46,251737392.07,1356576985.57,2318.0,42.5,103.3,2026,Dolnośląskie,26.43048349206349,BAZA_2024_STABILNE
4.6,143.8,8867.46,251737392.07,1356576985.57,2318.0,42.5,103.3,2027,Dolnośląskie,26.43048349206349,BAZA_2024_STABILNE
4.6,143.8,8867.46,251737392.07,1356576985.57,2318.0,42.5,103.3,2028,Dolnośląskie,26.43048349206349,BAZA_2024_STABILNE
4.6,143.8,8867.46,251737392.07,1356576985.57,2318.0,42.5,103.3,2029,Dolnośląskie,26.43048349206349,BAZA_2024_STABILNE
5.52,143.8,8867.46,251737392.07,1356576985.57,2318.0,42.5,103.3,2025,Dolnośląskie,26.165856349206337,unemployment_x1.2
5.52,143.8,8867.46,251737392.07,1356576985.57,2318.0,42.5,103.3,2026,Dolnośląskie,26.165856349206337,unemployment_x1.2
5.52,143.8,8867.46,251737392.07,1356576985.57,2318.0,42.5,103.3,2027,Dolnośląskie,26.165856349206337,unemployment_x1.2
5.52,143.8,8867.46,251737392.07,1356576985.57,2318.0,42.5,103.3,2028,Dolnośląskie,26.165856349206337,unemployment_x1.2
5.52,143.8,8867.46,251737392.07,1356576985.57,2318.0,42.5,103.3,2029,Dolnośląskie,26.165856349206337,unemployment_x1.2
4.6,172.56,8867.46,251737392.07,1356576985.57,2318.0,42.5,103.3,2025,Dolnośląskie,26.440053492063488,population_density_x1.2
4.6,172.56,8867.46,251737392.07,1356576985.57,2318.0,42.5,103.3,2026,Dolnośląskie,26.440053492063488,population_density_x1.2
4.6,172.56,8867.46,251737392.07,1356576985.57,2318.0,42.5,103.3,2027,Dolnośląskie,26.440053492063488,population_density_x1.2
4.6,172.56,8867.46,251737392.07,1356576985.57,2318.0,42.5,103.3,2028,Dolnośląskie,26.440053492063488,population_density_x1.2
4.6,172.56,8867.46,251737392.07,1356576985.57,2318.0,42.5,103.3,2029,Dolnośląskie,26.440053492063488,population_density_x1.2
4.6,143.8,10640.952,251737392.07,1356576985.57,2318.0,42.5,103.3,2025,Dolnośląskie,26.43048349206349,avg_salary_x1.2
4.6,143.8,10640.952,251737392.07,1356576985.57,2318.0,42.5,103.3,2026,Dolnośląskie,26.43048349206349,avg_salary_x1.2
4.6,143.8,10640.952,251737392.07,1356576985.57,2318.0,42.5,103.3,2027,Dolnośląskie,26.43048349206349,avg_salary_x1.2
4.6,143.8,10640.952,251737392.07,1356576985.57,2318.0,42.5,103.3,2028,Dolnośląskie,26.43048349206349,avg_salary_x1.2
4.6,143.8,10640.952,251737392.07,1356576985.57,2318.0,42.5,103.3,2029,Dolnośląskie,26.43048349206349,avg_salary_x1.2
4.6,143.8,8867.46,302084870.48399997,1356576985.57,2318.0,42.5,103.3,2025,Dolnośląskie,26.43048349206349,public_safety_exp_x1.2
4.6,143.8,8867.46,302084870.48399997,1356576985.57,2318.0,42.5,103.3,2026,Dolnośląskie,26.43048349206349,public_safety_exp_x1.2
4.6,143.8,8867.46,302084870.48399997,1356576985.57,2318.0,42.5,103.3,2027,Dolnośląskie,26.43048349206349,public_safety_exp_x1.2
4.6,143.8,8867.46,302084870.48399997,1356576985.57,2318.0,42.5,103.3,2028,Dolnośląskie,26.43048349206349,public_safety_exp_x1.2
4.6,143.8,8867.46,302084870.48399997,1356576985.57,2318.0,42.5,103.3,2029,Dolnośląskie,26.43048349206349,public_safety_exp_x1.2
4.6,143.8,8867.46,251737392.07,1627892382.6839998,2318.0,42.5,103.3,2025,Dolnośląskie,26.43048349206349,education_exp_x1.2
4.6,143.8,8867.46,251737392.07,1627892382.6839998,2318.0,42.5,103.3,2026,Dolnośląskie,26.43048349206349,education_exp_x1.2
4.6,143.8,8867.46,251737392.07,1627892382.6839998,2318.0,42.5,103.3,2027,Dolnośląskie,26.43048349206349,education_exp_x1.2
4.6,143.8,8867.46,251737392.07,1627892382.6839998,2318.0,42.5,103.3,2028,Dolnośląskie,26.43048349206349,education_exp_x1.2
4.6,143.8,8867.46,251737392.07,1627892382.6839998,2318.0,42.5,103.3,2029,Dolnośląskie,26.43048349206349,education_exp_x1.2
4.6,143.8,8867.46,251737392.07,1356576985.57,2781.6,42.5,103.3,2025,Dolnośląskie,27.189605912698408,migration_balance_x1.2
4.6,143.8,8867.46,251737392.07,1356576985.57,2781.6,42.5,103.3,2026,Dolnośląskie,27.189605912698408,migration_balance_x1.2
4.6,143.8,8867.46,251737392.07,1356576985.57,2781.6,42.5,103.3,2027,Dolnośląskie,27.189605912698408,migration_balance_x1.2
4.6,143.8,8867.46,251737392.07,1356576985.57,2781.6,42.5,103.3,2028,Dolnośląskie,27.189605912698408,migration_balance_x1.2
4.6,143.8,8867.46,251737392.07,1356576985.57,2781.6,42.5,103.3,2029,Dolnośląskie,27.189605912698408,migration_balance_x1.2
4.6,143.8,8867.46,251737392.07,1356576985.57,2318.0,51.0,103.3,2025,Dolnośląskie,26.453629920634917,tourism_usage_x1.2
4.6,143.8,8867.46,251737392.07,1356576985.57,2318.0,51.0,103.3,2026,Dolnośląskie,26.453629920634917,tourism_usage_x1.2
4.6,143.8,8867.46,251737392.07,1356576985.57,2318.0,51.0,103.3,2027,Dolnośląskie,26.453629920634917,tourism_usage_x1.2
4.6,143.8,8867.46,251737392.07,1356576985.57,2318.0,51.0,103.3,2028,Dolnośląskie,26.453629920634917,tourism_usage_x1.2
4.6,143.8,8867.46,251737392.07,1356576985.57,2318.0,51.0,103.3,2029,Dolnośląskie,26.453629920634917,tourism_usage_x1.2
4.6,143.8,8867.46,251737392.07,1356576985.57,2318.0,42.5,123.96,2025,Dolnośląskie,26.665620396825396,inflation_x1.2
4.6,143.8,8867.46,251737392.07,1356576985.57,2318.0,42.5,123.96,2026,Dolnośląskie,26.665620396825396,inflation_x1.2
4.6,143.8,8867.46,251737392.07,1356576985.57,2318.0,42.5,123.96,2027,Dolnośląskie,26.665620396825396,inflation_x1.2
4.6,143.8,8867.46,251737392.07,1356576985.57,2318.0,42.5,123.96,2028,Dolnośląskie,26.665620396825396,inflation_x1.2
4.6,143.8,8867.46,251737392.07,1356576985.57,2318.0,42.5,123.96,2029,Dolnośląskie,26.665620396825396,inflation_x1.2
7.3,110.4,7710.78,141742115.85,869075830.34,-930.0,37.7,103.6,2025,Kujawsko-Pomorskie,19.61800753968254,BAZA_2024_STABILNE
7.3,110.4,7710.78,141742115.85,869075830.34,-930.0,37.7,103.6,2026,Kujawsko-Pomorskie,19.61800753968254,BAZA_2024_STABILNE
7.3,110.4,7710.78,141742115.85,869075830.34,-930.0,37.7,103.6,2027,Kujawsko-Pomorskie,19.61800753968254,BAZA_2024_STABILNE
7.3,110.4,7710.78,141742115.85,869075830.34,-930.0,37.7,103.6,2028,Kujawsko-Pomorskie,19.61800753968254,BAZA_2024_STABILNE
7.3,110.4,7710.78,141742115.85,869075830.34,-930.0,37.7,103.6,2029,Kujawsko-Pomorskie,19.61800753968254,BAZA_2024_STABILNE
8.76,110.4,7710.78,141742115.85,869075830.34,-930.0,37.7,103.6,2025,Kujawsko-Pomorskie,19.53379753968254,unemployment_x1.2
8.76,110.4,7710.78,141742115.85,869075830.34,-930.0,37.7,103.6,2026,Kujawsko-Pomorskie,19.53379753968254,unemployment_x1.2
8.76,110.4,7710.78,141742115.85,869075830.34,-930.0,37.7,103.6,2027,Kujawsko-Pomorskie,19.53379753968254,unemployment_x1.2
8.76,110.4,7710.78,141742115.85,869075830.34,-930.0,37.7,103.6,2028,Kujawsko-Pomorskie,19.53379753968254,unemployment_x1.2
8.76,110.4,7710.78,141742115.85,869075830.34,-930.0,37.7,103.6,2029,Kujawsko-Pomorskie,19.53379753968254,unemployment_x1.2
7.3,132.48,7710.78,141742115.85,869075830.34,-930.0,37.7,103.6,2025,Kujawsko-Pomorskie,19.720534206349207,population_density_x1.2
7.3,132.48,7710.78,141742115.85,869075830.34,-930.0,37.7,103.6,2026,Kujawsko-Pomorskie,19.720534206349207,population_density_x1.2
7.3,132.48,7710.78,141742115.85,869075830.34,-930.0,37.7,103.6,2027,Kujawsko-Pomorskie,19.720534206349207,population_density_x1.2
7.3,132.48,7710.78,141742115.85,869075830.34,-930.0,37.7,103.6,2028,Kujawsko-Pomorskie,19.720534206349207,population_density_x1.2
7.3,132.48,7710.78,141742115.85,869075830.34,-930.0,37.7,103.6,2029,Kujawsko-Pomorskie,19.720534206349207,population_density_x1.2
7.3,110.4,9252.936,141742115.85,869075830.34,-930.0,37.7,103.6,2025,Kujawsko-Pomorskie,19.61800753968254,avg_salary_x1.2
7.3,110.4,9252.936,141742115.85,869075830.34,-930.0,37.7,103.6,2026,Kujawsko-Pomorskie,19.61800753968254,avg_salary_x1.2
7.3,110.4,9252.936,141742115.85,869075830.34,-930.0,37.7,103.6,2027,Kujawsko-Pomorskie,19.61800753968254,avg_salary_x1.2
7.3,110.4,9252.936,141742115.85,869075830.34,-930.0,37.7,103.6,2028,Kujawsko-Pomorskie,19.61800753968254,avg_salary_x1.2
7.3,110.4,9252.936,141742115.85,869075830.34,-930.0,37.7,103.6,2029,Kujawsko-Pomorskie,19.61800753968254,avg_salary_x1.2
7.3,110.4,7710.78,170090539.01999998,869075830.34,-930.0,37.7,103.6,2025,Kujawsko-Pomorskie,19.61800753968254,public_safety_exp_x1.2
7.3,110.4,7710.78,170090539.01999998,869075830.34,-930.0,37.7,103.6,2026,Kujawsko-Pomorskie,19.61800753968254,public_safety_exp_x1.2
7.3,110.4,7710.78,170090539.01999998,869075830.34,-930.0,37.7,103.6,2027,Kujawsko-Pomorskie,19.61800753968254,public_safety_exp_x1.2
7.3,110.4,7710.78,170090539.01999998,869075830.34,-930.0,37.7,103.6,2028,Kujawsko-Pomorskie,19.61800753968254,public_safety_exp_x1.2
7.3,110.4,7710.78,170090539.01999998,869075830.34,-930.0,37.7,103.6,2029,Kujawsko-Pomorskie,19.61800753968254,public_safety_exp_x1.2
7.3,110.4,7710.78,141742115.85,1042890996.408,-930.0,37.7,103.6,2025,Kujawsko-Pomorskie,19.61800753968254,education_exp_x1.2
7.3,110.4,7710.78,141742115.85,1042890996.408,-930.0,37.7,103.6,2026,Kujawsko-Pomorskie,19.61800753968254,education_exp_x1.2
7.3,110.4,7710.78,141742115.85,1042890996.408,-930.0,37.7,103.6,2027,Kujawsko-Pomorskie,19.61800753968254,education_exp_x1.2
7.3,110.4,7710.78,141742115.85,1042890996.408,-930.0,37.7,103.6,2028,Kujawsko-Pomorskie,19.61800753968254,education_exp_x1.2
7.3,110.4,7710.78,141742115.85,1042890996.408,-930.0,37.7,103.6,2029,Kujawsko-Pomorskie,19.61800753968254,education_exp_x1.2
7.3,110.4,7710.78,141742115.85,869075830.34,-1116.0,37.7,103.6,2025,Kujawsko-Pomorskie,20.356305714285714,migration_balance_x1.2
7.3,110.4,7710.78,141742115.85,869075830.34,-1116.0,37.7,103.6,2026,Kujawsko-Pomorskie,20.356305714285714,migration_balance_x1.2
7.3,110.4,7710.78,141742115.85,869075830.34,-1116.0,37.7,103.6,2027,Kujawsko-Pomorskie,20.356305714285714,migration_balance_x1.2
7.3,110.4,7710.78,141742115.85,869075830.34,-1116.0,37.7,103.6,2028,Kujawsko-Pomorskie,20.356305714285714,migration_balance_x1.2
7.3,110.4,7710.78,141742115.85,869075830.34,-1116.0,37.7,103.6,2029,Kujawsko-Pomorskie,20.356305714285714,migration_balance_x1.2
7.3,110.4,7710.78,141742115.85,869075830.34,-930.0,45.24,103.6,2025,Kujawsko-Pomorskie,19.99798,tourism_usage_x1.2
7.3,110.4,7710.78,141742115.85,869075830.34,-930.0,45.24,103.6,2026,Kujawsko-Pomorskie,19.99798,tourism_usage_x1.2
7.3,110.4,7710.78,141742115.85,869075830.34,-930.0,45.24,103.6,2027,Kujawsko-Pomorskie,19.99798,tourism_usage_x1.2
7.3,110.4,7710.78,141742115.85,869075830.34,-930.0,45.24,103.6,2028,Kujawsko-Pomorskie,19.99798,tourism_usage_x1.2
7.3,110.4,7710.78,141742115.85,869075830.34,-930.0,45.24,103.6,2029,Kujawsko-Pomorskie,19.99798,tourism_usage_x1.2
7.3,110.4,7710.78,141742115.85,869075830.34,-930.0,37.7,124.32,2025,Kujawsko-Pomorskie,20.115428968253966,inflation_x1.2
7.3,110.4,7710.78,141742115.85,869075830.34,-930.0,37.7,124.32,2026,Kujawsko-Pomorskie,20.115428968253966,inflation_x1.2
7.3,110.4,7710.78,141742115.85,869075830.34,-930.0,37.7,124.32,2027,Kujawsko-Pomorskie,20.115428968253966,inflation_x1.2
7.3,110.4,7710.78,141742115.85,869075830.34,-930.0,37.7,124.32,2028,Kujawsko-Pomorskie,20.115428968253966,inflation_x1.2
7.3,110.4,7710.78,141742115.85,869075830.34,-930.0,37.7,124.32,2029,Kujawsko-Pomorskie,20.115428968253966,inflation_x1.2
7.4,79.5,7771.05,200639476.02,943355612.19,-2832.0,35.8,102.8,2025,Lubelskie,15.872294054834056,BAZA_2024_STABILNE
7.4,79.5,7771.05,200639476.02,943355612.19,-2832.0,35.8,102.8,2026,Lubelskie,15.872294054834056,BAZA_2024_STABILNE
7.4,79.5,7771.05,200639476.02,943355612.19,-2832.0,35.8,102.8,2027,Lubelskie,15.872294054834056,BAZA_2024_STABILNE
7.4,79.5,7771.05,200639476.02,943355612.19,-2832.0,35.8,102.8,2028,Lubelskie,15.872294054834056,BAZA_2024_STABILNE
7.4,79.5,7771.05,200639476.02,943355612.19,-2832.0,35.8,102.8,2029,Lubelskie,15.872294054834056,BAZA_2024_STABILNE
8.88,79.5,7771.05,200639476.02,943355612.19,-2832.0,35.8,102.8,2025,Lubelskie,15.736508102453106,unemployment_x1.2
8.88,79.5,7771.05,200639476.02,943355612.19,-2832.0,35.8,102.8,2026,Lubelskie,15.736508102453106,unemployment_x1.2
8.88,79.5,7771.05,200639476.02,943355612.19,-2832.0,35.8,102.8,2027,Lubelskie,15.736508102453106,unemployment_x1.2
8.88,79.5,7771.05,200639476.02,943355612.19,-2832.0,35.8,102.8,2028,Lubelskie,15.736508102453106,unemployment_x1.2
8.88,79.5,7771.05,200639476.02,943355612.19,-2832.0,35.8,102.8,2029,Lubelskie,15.736508102453106,unemployment_x1.2
7.4,95.39999999999999,7771.05,200639476.02,943355612.19,-2832.0,35.8,102.8,2025,Lubelskie,19.42415675324676,population_density_x1.2
7.4,95.39999999999999,7771.05,200639476.02,943355612.19,-2832.0,35.8,102.8,2026,Lubelskie,19.42415675324676,population_density_x1.2
7.4,95.39999999999999,7771.05,200639476.02,943355612.19,-2832.0,35.8,102.8,2027,Lubelskie,19.42415675324676,population_density_x1.2
7.4,95.39999999999999,7771.05,200639476.02,943355612.19,-2832.0,35.8,102.8,2028,Lubelskie,19.42415675324676,population_density_x1.2
7.4,95.39999999999999,7771.05,200639476.02,943355612.19,-2832.0,35.8,102.8,2029,Lubelskie,19.42415675324676,population_density_x1.2
7.4,79.5,9325.26,200639476.02,943355612.19,-2832.0,35.8,102.8,2025,Lubelskie,15.872294054834056,avg_salary_x1.2
7.4,79.5,9325.26,200639476.02,943355612.19,-2832.0,35.8,102.8,2026,Lubelskie,15.872294054834056,avg_salary_x1.2
7.4,79.5,9325.26,200639476.02,943355612.19,-2832.0,35.8,102.8,2027,Lubelskie,15.872294054834056,avg_salary_x1.2
7.4,79.5,9325.26,200639476.02,943355612.19,-2832.0,35.8,102.8,2028,Lubelskie,15.872294054834056,avg_salary_x1.2
7.4,79.5,9325.26,200639476.02,943355612.19,-2832.0,35.8,102.8,2029,Lubelskie,15.872294054834056,avg_salary_x1.2
7.4,79.5,7771.05,240767371.224,943355612.19,-2832.0,35.8,102.8,2025,Lubelskie,15.872294054834056,public_safety_exp_x1.2
7.4,79.5,7771.05,240767371.224,943355612.19,-2832.0,35.8,102.8,2026,Lubelskie,15.872294054834056,public_safety_exp_x1.2
7.4,79.5,7771.05,240767371.224,943355612.19,-2832.0,35.8,102.8,2027,Lubelskie,15.872294054834056,public_safety_exp_x1.2
7.4,79.5,7771.05,240767371.224,943355612.19,-2832.0,35.8,102.8,2028,Lubelskie,15.872294054834056,public_safety_exp_x1.2
7.4,79.5,7771.05,240767371.224,943355612.19,-2832.0,35.8,102.8,2029,Lubelskie,15.872294054834056,public_safety_exp_x1.2
7.4,79.5,7771.05,200639476.02,1132026734.628,-2832.0,35.8,102.8,2025,Lubelskie,15.872294054834056,education_exp_x1.2
7.4,79.5,7771.05,200639476.02,1132026734.628,-2832.0,35.8,102.8,2026,Lubelskie,15.872294054834056,education_exp_x1.2
7.4,79.5,7771.05,200639476.02,1132026734.628,-2832.0,35.8,102.8,2027,Lubelskie,15.872294054834056,education_exp_x1.2
7.4,79.5,7771.05,200639476.02,1132026734.628,-2832.0,35.8,102.8,2028,Lubelskie,15.872294054834056,education_exp_x1.2
7.4,79.5,7771.05,200639476.02,1132026734.628,-2832.0,35.8,102.8,2029,Lubelskie,15.872294054834056,education_exp_x1.2
7.4,79.5,7771.05,200639476.02,943355612.19,-3398.4,35.8,102.8,2025,Lubelskie,15.872294054834056,migration_balance_x1.2
7.4,79.5,7771.05,200639476.02,943355612.19,-3398.4,35.8,102.8,2026,Lubelskie,15.872294054834056,migration_balance_x1.2
7.4,79.5,7771.05,200639476.02,943355612.19,-3398.4,35.8,102.8,2027,Lubelskie,15.872294054834056,migration_balance_x1.2
7.4,79.5,7771.05,200639476.02,943355612.19,-3398.4,35.8,102.8,2028,Lubelskie,15.872294054834056,migration_balance_x1.2
7.4,79.5,7771.05,200639476.02,943355612.19,-3398.4,35.8,102.8,2029,Lubelskie,15.872294054834056,migration_balance_x1.2
7.4,79.5,7771.05,200639476.02,943355612.19,-2832.0,42.959999999999994,102.8,2025,Lubelskie,15.872294054834056,tourism_usage_x1.2
7.4,79.5,7771.05,200639476.02,943355612.19,-2832.0,42.959999999999994,102.8,2026,Lubelskie,15.872294054834056,tourism_usage_x1.2
7.4,79.5,7771.05,200639476.02,943355612.19,-2832.0,42.959999999999994,102.8,2027,Lubelskie,15.872294054834056,tourism_usage_x1.2
7.4,79.5,7771.05,200639476.02,943355612.19,-2832.0,42.959999999999994,102.8,2028,Lubelskie,15.872294054834056,tourism_usage_x1.2
7.4,79.5,7771.05,200639476.02,943355612.19,-2832.0,42.959999999999994,102.8,2029,Lubelskie,15.872294054834056,tourism_usage_x1.2
7.4,79.5,7771.05,200639476.02,943355612.19,-2832.0,35.8,123.35999999999999,2025,Lubelskie,15.914394054834055,inflation_x1.2
7.4,79.5,7771.05,200639476.02,943355612.19,-2832.0,35.8,123.35999999999999,2026,Lubelskie,15.914394054834055,inflation_x1.2
7.4,79.5,7771.05,200639476.02,943355612.19,-2832.0,35.8,123.35999999999999,2027,Lubelskie,15.914394054834055,inflation_x1.2
7.4,79.5,7771.05,200639476.02,943355612.19,-2832.0,35.8,123.35999999999999,2028,Lubelskie,15.914394054834055,inflation_x1.2
7.4,79.5,7771.05,200639476.02,943355612.19,-2832.0,35.8,123.35999999999999,2029,Lubelskie,15.914394054834055,inflation_x1.2
4.5,69.3,7887.19,107812864.74,447974594.97,-1059.0,32.8,104.4,2025,Lubuskie,24.772962546897546,BAZA_2024_STABILNE
4.5,69.3,7887.19,107812864.74,447974594.97,-1059.0,32.8,104.4,2026,Lubuskie,24.772962546897546,BAZA_2024_STABILNE
4.5,69.3,7887.19,107812864.74,447974594.97,-1059.0,32.8,104.4,2027,Lubuskie,24.772962546897546,BAZA_2024_STABILNE
4.5,69.3,7887.19,107812864.74,447974594.97,-1059.0,32.8,104.4,2028,Lubuskie,24.772962546897546,BAZA_2024_STABILNE
4.5,69.3,7887.19,107812864.74,447974594.97,-1059.0,32.8,104.4,2029,Lubuskie,24.772962546897546,BAZA_2024_STABILNE
5.3999999999999995,69.3,7887.19,107812864.74,447974594.97,-1059.0,32.8,104.4,2025,Lubuskie,24.83612326118326,unemployment_x1.2
5.3999999999999995,69.3,7887.19,107812864.74,447974594.97,-1059.0,32.8,104.4,2026,Lubuskie,24.83612326118326,unemployment_x1.2
5.3999999999999995,69.3,7887.19,107812864.74,447974594.97,-1059.0,32.8,104.4,2027,Lubuskie,24.83612326118326,unemployment_x1.2
5.3999999999999995,69.3,7887.19,107812864.74,447974594.97,-1059.0,32.8,104.4,2028,Lubuskie,24.83612326118326,unemployment_x1.2
5.3999999999999995,69.3,7887.19,107812864.74,447974594.97,-1059.0,32.8,104.4,2029,Lubuskie,24.83612326118326,unemployment_x1.2
4.5,83.16,7887.19,107812864.74,447974594.97,-1059.0,32.8,104.4,2025,Lubuskie,24.79092286435787,population_density_x1.2
4.5,83.16,7887.19,107812864.74,447974594.97,-1059.0,32.8,104.4,2026,Lubuskie,24.79092286435787,population_density_x1.2
4.5,83.16,7887.19,107812864.74,447974594.97,-1059.0,32.8,104.4,2027,Lubuskie,24.79092286435787,population_density_x1.2
4.5,83.16,7887.19,107812864.74,447974594.97,-1059.0,32.8,104.4,2028,Lubuskie,24.79092286435787,population_density_x1.2
4.5,83.16,7887.19,107812864.74,447974594.97,-1059.0,32.8,104.4,2029,Lubuskie,24.79092286435787,population_density_x1.2
4.5,69.3,9464.627999999999,107812864.74,447974594.97,-1059.0,32.8,104.4,2025,Lubuskie,24.772962546897546,avg_salary_x1.2
4.5,69.3,9464.627999999999,107812864.74,447974594.97,-1059.0,32.8,104.4,2026,Lubuskie,24.772962546897546,avg_salary_x1.2
4.5,69.3,9464.627999999999,107812864.74,447974594.97,-1059.0,32.8,104.4,2027,Lubuskie,24.772962546897546,avg_salary_x1.2
4.5,69.3,9464.627999999999,107812864.74,447974594.97,-1059.0,32.8,104.4,2028,Lubuskie,24.772962546897546,avg_salary_x1.2
4.5,69.3,9464.627999999999,107812864.74,447974594.97,-1059.0,32.8,104.4,2029,Lubuskie,24.772962546897546,avg_salary_x1.2
4.5,69.3,7887.19,129375437.688,447974594.97,-1059.0,32.8,104.4,2025,Lubuskie,24.772962546897546,public_safety_exp_x1.2
4.5,69.3,7887.19,129375437.688,447974594.97,-1059.0,32.8,104.4,2026,Lubuskie,24.772962546897546,public_safety_exp_x1.2
4.5,69.3,7887.19,129375437.688,447974594.97,-1059.0,32.8,104.4,2027,Lubuskie,24.772962546897546,public_safety_exp_x1.2
4.5,69.3,7887.19,129375437.688,447974594.97,-1059.0,32.8,104.4,2028,Lubuskie,24.772962546897546,public_safety_exp_x1.2
4.5,69.3,7887.19,129375437.688,447974594.97,-1059.0,32.8,104.4,2029,Lubuskie,24.772962546897546,public_safety_exp_x1.2
4.5,69.3,7887.19,107812864.74,537569513.964,-1059.0,32.8,104.4,2025,Lubuskie,24.772962546897546,education_exp_x1.2
4.5,69.3,7887.19,107812864.74,537569513.964,-1059.0,32.8,104.4,2026,Lubuskie,24.772962546897546,education_exp_x1.2
4.5,69.3,7887.19,107812864.74,537569513.964,-1059.0,32.8,104.4,2027,Lubuskie,24.772962546897546,education_exp_x1.2
4.5,69.3,7887.19,107812864.74,537569513.964,-1059.0,32.8,104.4,2028,Lubuskie,24.772962546897546,education_exp_x1.2
4.5,69.3,7887.19,107812864.74,537569513.964,-1059.0,32.8,104.4,2029,Lubuskie,24.772962546897546,education_exp_x1.2
4.5,69.3,7887.19,107812864.74,447974594.97,-1270.8,32.8,104.4,2025,Lubuskie,25.415351475468977,migration_balance_x1.2
4.5,69.3,7887.19,107812864.74,447974594.97,-1270.8,32.8,104.4,2026,Lubuskie,25.415351475468977,migration_balance_x1.2
4.5,69.3,7887.19,107812864.74,447974594.97,-1270.8,32.8,104.4,2027,Lubuskie,25.415351475468977,migration_balance_x1.2
4.5,69.3,7887.19,107812864.74,447974594.97,-1270.8,32.8,104.4,2028,Lubuskie,25.415351475468977,migration_balance_x1.2
4.5,69.3,7887.19,107812864.74,447974594.97,-1270.8,32.8,104.4,2029,Lubuskie,25.415351475468977,migration_balance_x1.2
4.5,69.3,7887.19,107812864.74,447974594.97,-1059.0,39.35999999999999,104.4,2025,Lubuskie,24.83368588023088,tourism_usage_x1.2
4.5,69.3,7887.19,107812864.74,447974594.97,-1059.0,39.35999999999999,104.4,2026,Lubuskie,24.83368588023088,tourism_usage_x1.2
4.5,69.3,7887.19,107812864.74,447974594.97,-1059.0,39.35999999999999,104.4,2027,Lubuskie,24.83368588023088,tourism_usage_x1.2
4.5,69.3,7887.19,107812864.74,447974594.97,-1059.0,39.35999999999999,104.4,2028,Lubuskie,24.83368588023088,tourism_usage_x1.2
4.5,69.3,7887.19,107812864.74,447974594.97,-1059.0,39.35999999999999,104.4,2029,Lubuskie,24.83368588023088,tourism_usage_x1.2
4.5,69.3,7887.19,107812864.74,447974594.97,-1059.0,32.8,125.28,2025,Lubuskie,24.872554213564214,inflation_x1.2
4.5,69.3,7887.19,107812864.74,447974594.97,-1059.0,32.8,125.28,2026,Lubuskie,24.872554213564214,inflation_x1.2
4.5,69.3,7887.19,107812864.74,447974594.97,-1059.0,32.8,125.28,2027,Lubuskie,24.872554213564214,inflation_x1.2
4.5,69.3,7887.19,107812864.74,447974594.97,-1059.0,32.8,125.28,2028,Lubuskie,24.872554213564214,inflation_x1.2
4.5,69.3,7887.19,107812864.74,447974594.97,-1059.0,32.8,125.28,2029,Lubuskie,24.872554213564214,inflation_x1.2
4.0,154.9,10018.71,359213426.01,2226515394.51,7355.0,49.4,103.8,2025,Mazowieckie,21.78141738095237,BAZA_2024_STABILNE
4.0,154.9,10018.71,359213426.01,2226515394.51,7355.0,49.4,103.8,2026,Mazowieckie,21.78141738095237,BAZA_2024_STABILNE
4.0,154.9,10018.71,359213426.01,2226515394.51,7355.0,49.4,103.8,2027,Mazowieckie,21.78141738095237,BAZA_2024_STABILNE
4.0,154.9,10018.71,359213426.01,2226515394.51,7355.0,49.4,103.8,2028,Mazowieckie,21.78141738095237,BAZA_2024_STABILNE
4.0,154.9,10018.71,359213426.01,2226515394.51,7355.0,49.4,103.8,2029,Mazowieckie,21.78141738095237,BAZA_2024_STABILNE
4.8,154.9,10018.71,359213426.01,2226515394.51,7355.0,49.4,103.8,2025,Mazowieckie,21.628917023809514,unemployment_x1.2
4.8,154.9,10018.71,359213426.01,2226515394.51,7355.0,49.4,103.8,2026,Mazowieckie,21.628917023809514,unemployment_x1.2
4.8,154.9,10018.71,359213426.01,2226515394.51,7355.0,49.4,103.8,2027,Mazowieckie,21.628917023809514,unemployment_x1.2
4.8,154.9,10018.71,359213426.01,2226515394.51,7355.0,49.4,103.8,2028,Mazowieckie,21.628917023809514,unemployment_x1.2
4.8,154.9,10018.71,359213426.01,2226515394.51,7355.0,49.4,103.8,2029,Mazowieckie,21.628917023809514,unemployment_x1.2
4.0,185.88,10018.71,359213426.01,2226515394.51,7355.0,49.4,103.8,2025,Mazowieckie,21.601412460317448,population_density_x1.2
4.0,185.88,10018.71,359213426.01,2226515394.51,7355.0,49.4,103.8,2026,Mazowieckie,21.601412460317448,population_density_x1.2
4.0,185.88,10018.71,359213426.01,2226515394.51,7355.0,49.4,103.8,2027,Mazowieckie,21.601412460317448,population_density_x1.2
4.0,185.88,10018.71,359213426.01,2226515394.51,7355.0,49.4,103.8,2028,Mazowieckie,21.601412460317448,population_density_x1.2
4.0,185.88,10018.71,359213426.01,2226515394.51,7355.0,49.4,103.8,2029,Mazowieckie,21.601412460317448,population_density_x1.2
4.0,154.9,12022.452,359213426.01,2226515394.51,7355.0,49.4,103.8,2025,Mazowieckie,21.78141738095237,avg_salary_x1.2
4.0,154.9,12022.452,359213426.01,2226515394.51,7355.0,49.4,103.8,2026,Mazowieckie,21.78141738095237,avg_salary_x1.2
4.0,154.9,12022.452,359213426.01,2226515394.51,7355.0,49.4,103.8,2027,Mazowieckie,21.78141738095237,avg_salary_x1.2
4.0,154.9,12022.452,359213426.01,2226515394.51,7355.0,49.4,103.8,2028,Mazowieckie,21.78141738095237,avg_salary_x1.2
4.0,154.9,12022.452,359213426.01,2226515394.51,7355.0,49.4,103.8,2029,Mazowieckie,21.78141738095237,avg_salary_x1.2
4.0,154.9,10018.71,431056111.21199995,2226515394.51,7355.0,49.4,103.8,2025,Mazowieckie,21.78141738095237,public_safety_exp_x1.2
4.0,154.9,10018.71,431056111.21199995,2226515394.51,7355.0,49.4,103.8,2026,Mazowieckie,21.78141738095237,public_safety_exp_x1.2
4.0,154.9,10018.71,431056111.21199995,2226515394.51,7355.0,49.4,103.8,2027,Mazowieckie,21.78141738095237,public_safety_exp_x1.2
4.0,154.9,10018.71,431056111.21199995,2226515394.51,7355.0,49.4,103.8,2028,Mazowieckie,21.78141738095237,public_safety_exp_x1.2
4.0,154.9,10018.71,431056111.21199995,2226515394.51,7355.0,49.4,103.8,2029,Mazowieckie,21.78141738095237,public_safety_exp_x1.2
4.0,154.9,10018.71,359213426.01,2671818473.412,7355.0,49.4,103.8,2025,Mazowieckie,21.78141738095237,education_exp_x1.2
4.0,154.9,10018.71,359213426.01,2671818473.412,7355.0,49.4,103.8,2026,Mazowieckie,21.78141738095237,education_exp_x1.2
4.0,154.9,10018.71,359213426.01,2671818473.412,7355.0,49.4,103.8,2027,Mazowieckie,21.78141738095237,education_exp_x1.2
4.0,154.9,10018.71,359213426.01,2671818473.412,7355.0,49.4,103.8,2028,Mazowieckie,21.78141738095237,education_exp_x1.2
4.0,154.9,10018.71,359213426.01,2671818473.412,7355.0,49.4,103.8,2029,Mazowieckie,21.78141738095237,education_exp_x1.2
4.0,154.9,10018.71,359213426.01,2226515394.51,8826.0,49.4,103.8,2025,Mazowieckie,21.992064126984115,migration_balance_x1.2
4.0,154.9,10018.71,359213426.01,2226515394.51,8826.0,49.4,103.8,2026,Mazowieckie,21.992064126984115,migration_balance_x1.2
4.0,154.9,10018.71,359213426.01,2226515394.51,8826.0,49.4,103.8,2027,Mazowieckie,21.992064126984115,migration_balance_x1.2
4.0,154.9,10018.71,359213426.01,2226515394.51,8826.0,49.4,103.8,2028,Mazowieckie,21.992064126984115,migration_balance_x1.2
4.0,154.9,10018.71,359213426.01,2226515394.51,8826.0,49.4,103.8,2029,Mazowieckie,21.992064126984115,migration_balance_x1.2
4.0,154.9,10018.71,359213426.01,2226515394.51,7355.0,59.279999999999994,103.8,2025,Mazowieckie,21.56295595238094,tourism_usage_x1.2
4.0,154.9,10018.71,359213426.01,2226515394.51,7355.0,59.279999999999994,103.8,2026,Mazowieckie,21.56295595238094,tourism_usage_x1.2
4.0,154.9,10018.71,359213426.01,2226515394.51,7355.0,59.279999999999994,103.8,2027,Mazowieckie,21.56295595238094,tourism_usage_x1.2
4.0,154.9,10018.71,359213426.01,2226515394.51,7355.0,59.279999999999994,103.8,2028,Mazowieckie,21.56295595238094,tourism_usage_x1.2
4.0,154.9,10018.71,359213426.01,2226515394.51,7355.0,59.279999999999994,103.8,2029,Mazowieckie,21.56295595238094,tourism_usage_x1.2
4.0,154.9,10018.71,359213426.01,2226515394.51,7355.0,49.4,124.55999999999999,2025,Mazowieckie,22.061675476190462,inflation_x1.2
4.0,154.9,10018.71,359213426.01,2226515394.51,7355.0,49.4,124.55999999999999,2026,Mazowieckie,22.061675476190462,inflation_x1.2
4.0,154.9,10018.71,359213426.01,2226515394.51,7355.0,49.4,124.55999999999999,2027,Mazowieckie,22.061675476190462,inflation_x1.2
4.0,154.9,10018.71,359213426.01,2226515394.51,7355.0,49.4,124.55999999999999,2028,Mazowieckie,22.061675476190462,inflation_x1.2
4.0,154.9,10018.71,359213426.01,2226515394.51,7355.0,49.4,124.55999999999999,2029,Mazowieckie,22.061675476190462,inflation_x1.2
4.2,225.8,8818.71,342078501.99,1534442809.85,3230.0,50.7,104.2,2025,Małopolskie,23.497901944444447,BAZA_2024_STABILNE
4.2,225.8,8818.71,342078501.99,1534442809.85,3230.0,50.7,104.2,2026,Małopolskie,23.497901944444447,BAZA_2024_STABILNE
4.2,225.8,8818.71,342078501.99,1534442809.85,3230.0,50.7,104.2,2027,Małopolskie,23.497901944444447,BAZA_2024_STABILNE
4.2,225.8,8818.71,342078501.99,1534442809.85,3230.0,50.7,104.2,2028,Małopolskie,23.497901944444447,BAZA_2024_STABILNE
4.2,225.8,8818.71,342078501.99,1534442809.85,3230.0,50.7,104.2,2029,Małopolskie,23.497901944444447,BAZA_2024_STABILNE
5.04,225.8,8818.71,342078501.99,1534442809.85,3230.0,50.7,104.2,2025,Małopolskie,23.286689325396825,unemployment_x1.2
5.04,225.8,8818.71,342078501.99,1534442809.85,3230.0,50.7,104.2,2026,Małopolskie,23.286689325396825,unemployment_x1.2
5.04,225.8,8818.71,342078501.99,1534442809.85,3230.0,50.7,104.2,2027,Małopolskie,23.286689325396825,unemployment_x1.2
5.04,225.8,8818.71,342078501.99,1534442809.85,3230.0,50.7,104.2,2028,Małopolskie,23.286689325396825,unemployment_x1.2
5.04,225.8,8818.71,342078501.99,1534442809.85,3230.0,50.7,104.2,2029,Małopolskie,23.286689325396825,unemployment_x1.2
4.2,270.96,8818.71,342078501.99,1534442809.85,3230.0,50.7,104.2,2025,Małopolskie,23.05826166666667,population_density_x1.2
4.2,270.96,8818.71,342078501.99,1534442809.85,3230.0,50.7,104.2,2026,Małopolskie,23.05826166666667,population_density_x1.2
4.2,270.96,8818.71,342078501.99,1534442809.85,3230.0,50.7,104.2,2027,Małopolskie,23.05826166666667,population_density_x1.2
4.2,270.96,8818.71,342078501.99,1534442809.85,3230.0,50.7,104.2,2028,Małopolskie,23.05826166666667,population_density_x1.2
4.2,270.96,8818.71,342078501.99,1534442809.85,3230.0,50.7,104.2,2029,Małopolskie,23.05826166666667,population_density_x1.2
4.2,225.8,10582.452,342078501.99,1534442809.85,3230.0,50.7,104.2,2025,Małopolskie,23.497901944444447,avg_salary_x1.2
4.2,225.8,10582.452,342078501.99,1534442809.85,3230.0,50.7,104.2,2026,Małopolskie,23.497901944444447,avg_salary_x1.2
4.2,225.8,10582.452,342078501.99,1534442809.85,3230.0,50.7,104.2,2027,Małopolskie,23.497901944444447,avg_salary_x1.2
4.2,225.8,10582.452,342078501.99,1534442809.85,3230.0,50.7,104.2,2028,Małopolskie,23.497901944444447,avg_salary_x1.2
4.2,225.8,10582.452,342078501.99,1534442809.85,3230.0,50.7,104.2,2029,Małopolskie,23.497901944444447,avg_salary_x1.2
4.2,225.8,8818.71,410494202.388,1534442809.85,3230.0,50.7,104.2,2025,Małopolskie,23.47333527777778,public_safety_exp_x1.2
4.2,225.8,8818.71,410494202.388,1534442809.85,3230.0,50.7,104.2,2026,Małopolskie,23.47333527777778,public_safety_exp_x1.2
4.2,225.8,8818.71,410494202.388,1534442809.85,3230.0,50.7,104.2,2027,Małopolskie,23.47333527777778,public_safety_exp_x1.2
4.2,225.8,8818.71,410494202.388,1534442809.85,3230.0,50.7,104.2,2028,Małopolskie,23.47333527777778,public_safety_exp_x1.2
4.2,225.8,8818.71,410494202.388,1534442809.85,3230.0,50.7,104.2,2029,Małopolskie,23.47333527777778,public_safety_exp_x1.2
4.2,225.8,8818.71,342078501.99,1841331371.82,3230.0,50.7,104.2,2025,Małopolskie,23.497901944444447,education_exp_x1.2
4.2,225.8,8818.71,342078501.99,1841331371.82,3230.0,50.7,104.2,2026,Małopolskie,23.497901944444447,education_exp_x1.2
4.2,225.8,8818.71,342078501.99,1841331371.82,3230.0,50.7,104.2,2027,Małopolskie,23.497901944444447,education_exp_x1.2
4.2,225.8,8818.71,342078501.99,1841331371.82,3230.0,50.7,104.2,2028,Małopolskie,23.497901944444447,education_exp_x1.2
4.2,225.8,8818.71,342078501.99,1841331371.82,3230.0,50.7,104.2,2029,Małopolskie,23.497901944444447,education_exp_x1.2
4.2,225.8,8818.71,342078501.99,1534442809.85,3876.0,50.7,104.2,2025,Małopolskie,23.497901944444447,migration_balance_x1.2
4.2,225.8,8818.71,342078501.99,1534442809.85,3876.0,50.7,104.2,2026,Małopolskie,23.497901944444447,migration_balance_x1.2
4.2,225.8,8818.71,342078501.99,1534442809.85,3876.0,50.7,104.2,2027,Małopolskie,23.497901944444447,migration_balance_x1.2
4.2,225.8,8818.71,342078501.99,1534442809.85,3876.0,50.7,104.2,2028,Małopolskie,23.497901944444447,migration_balance_x1.2
4.2,225.8,8818.71,342078501.99,1534442809.85,3876.0,50.7,104.2,2029,Małopolskie,23.497901944444447,migration_balance_x1.2
4.2,225.8,8818.71,342078501.99,1534442809.85,3230.0,60.84,104.2,2025,Małopolskie,23.497901944444447,tourism_usage_x1.2
4.2,225.8,8818.71,342078501.99,1534442809.85,3230.0,60.84,104.2,2026,Małopolskie,23.497901944444447,tourism_usage_x1.2
4.2,225.8,8818.71,342078501.99,1534442809.85,3230.0,60.84,104.2,2027,Małopolskie,23.497901944444447,tourism_usage_x1.2
4.2,225.8,8818.71,342078501.99,1534442809.85,3230.0,60.84,104.2,2028,Małopolskie,23.497901944444447,tourism_usage_x1.2
4.2,225.8,8818.71,342078501.99,1534442809.85,3230.0,60.84,104.2,2029,Małopolskie,23.497901944444447,tourism_usage_x1.2
4.2,225.8,8818.71,342078501.99,1534442809.85,3230.0,50.7,125.03999999999999,2025,Małopolskie,23.22340313492064,inflation_x1.2
4.2,225.8,8818.71,342078501.99,1534442809.85,3230.0,50.7,125.03999999999999,2026,Małopolskie,23.22340313492064,inflation_x1.2
4.2,225.8,8818.71,342078501.99,1534442809.85,3230.0,50.7,125.03999999999999,2027,Małopolskie,23.22340313492064,inflation_x1.2
4.2,225.8,8818.71,342078501.99,1534442809.85,3230.0,50.7,125.03999999999999,2028,Małopolskie,23.22340313492064,inflation_x1.2
4.2,225.8,8818.71,342078501.99,1534442809.85,3230.0,50.7,125.03999999999999,2029,Małopolskie,23.22340313492064,inflation_x1.2
5.9,98.8,7958.35,124741650.6,587136992.42,-77.0,35.3,102.8,2025,Opolskie,17.099885912698415,BAZA_2024_STABILNE
5.9,98.8,7958.35,124741650.6,587136992.42,-77.0,35.3,102.8,2026,Opolskie,17.099885912698415,BAZA_2024_STABILNE
5.9,98.8,7958.35,124741650.6,587136992.42,-77.0,35.3,102.8,2027,Opolskie,17.099885912698415,BAZA_2024_STABILNE
5.9,98.8,7958.35,124741650.6,587136992.42,-77.0,35.3,102.8,2028,Opolskie,17.099885912698415,BAZA_2024_STABILNE
5.9,98.8,7958.35,124741650.6,587136992.42,-77.0,35.3,102.8,2029,Opolskie,17.099885912698415,BAZA_2024_STABILNE
7.08,98.8,7958.35,124741650.6,587136992.42,-77.0,35.3,102.8,2025,Opolskie,17.149295912698413,unemployment_x1.2
7.08,98.8,7958.35,124741650.6,587136992.42,-77.0,35.3,102.8,2026,Opolskie,17.149295912698413,unemployment_x1.2
7.08,98.8,7958.35,124741650.6,587136992.42,-77.0,35.3,102.8,2027,Opolskie,17.149295912698413,unemployment_x1.2
7.08,98.8,7958.35,124741650.6,587136992.42,-77.0,35.3,102.8,2028,Opolskie,17.149295912698413,unemployment_x1.2
7.08,98.8,7958.35,124741650.6,587136992.42,-77.0,35.3,102.8,2029,Opolskie,17.149295912698413,unemployment_x1.2
5.9,118.55999999999999,7958.35,124741650.6,587136992.42,-77.0,35.3,102.8,2025,Opolskie,22.7958726984127,population_density_x1.2
5.9,118.55999999999999,7958.35,124741650.6,587136992.42,-77.0,35.3,102.8,2026,Opolskie,22.7958726984127,population_density_x1.2
5.9,118.55999999999999,7958.35,124741650.6,587136992.42,-77.0,35.3,102.8,2027,Opolskie,22.7958726984127,population_density_x1.2
5.9,118.55999999999999,7958.35,124741650.6,587136992.42,-77.0,35.3,102.8,2028,Opolskie,22.7958726984127,population_density_x1.2
5.9,118.55999999999999,7958.35,124741650.6,587136992.42,-77.0,35.3,102.8,2029,Opolskie,22.7958726984127,population_density_x1.2
5.9,98.8,9550.02,124741650.6,587136992.42,-77.0,35.3,102.8,2025,Opolskie,17.099885912698415,avg_salary_x1.2
5.9,98.8,9550.02,124741650.6,587136992.42,-77.0,35.3,102.8,2026,Opolskie,17.099885912698415,avg_salary_x1.2
5.9,98.8,9550.02,124741650.6,587136992.42,-77.0,35.3,102.8,2027,Opolskie,17.099885912698415,avg_salary_x1.2
5.9,98.8,9550.02,124741650.6,587136992.42,-77.0,35.3,102.8,2028,Opolskie,17.099885912698415,avg_salary_x1.2
5.9,98.8,9550.02,124741650.6,587136992.42,-77.0,35.3,102.8,2029,Opolskie,17.099885912698415,avg_salary_x1.2
5.9,98.8,7958.35,149689980.72,587136992.42,-77.0,35.3,102.8,2025,Opolskie,17.099885912698415,public_safety_exp_x1.2
5.9,98.8,7958.35,149689980.72,587136992.42,-77.0,35.3,102.8,2026,Opolskie,17.099885912698415,public_safety_exp_x1.2
5.9,98.8,7958.35,149689980.72,587136992.42,-77.0,35.3,102.8,2027,Opolskie,17.099885912698415,public_safety_exp_x1.2
5.9,98.8,7958.35,149689980.72,587136992.42,-77.0,35.3,102.8,2028,Opolskie,17.099885912698415,public_safety_exp_x1.2
5.9,98.8,7958.35,149689980.72,587136992.42,-77.0,35.3,102.8,2029,Opolskie,17.099885912698415,public_safety_exp_x1.2
5.9,98.8,7958.35,124741650.6,704564390.9039999,-77.0,35.3,102.8,2025,Opolskie,17.099885912698415,education_exp_x1.2
5.9,98.8,7958.35,124741650.6,704564390.9039999,-77.0,35.3,102.8,2026,Opolskie,17.099885912698415,education_exp_x1.2
5.9,98.8,7958.35,124741650.6,704564390.9039999,-77.0,35.3,102.8,2027,Opolskie,17.099885912698415,education_exp_x1.2
5.9,98.8,7958.35,124741650.6,704564390.9039999,-77.0,35.3,102.8,2028,Opolskie,17.099885912698415,education_exp_x1.2
5.9,98.8,7958.35,124741650.6,704564390.9039999,-77.0,35.3,102.8,2029,Opolskie,17.099885912698415,education_exp_x1.2
5.9,98.8,7958.35,124741650.6,587136992.42,-92.39999999999999,35.3,102.8,2025,Opolskie,17.099885912698415,migration_balance_x1.2
5.9,98.8,7958.35,124741650.6,587136992.42,-92.39999999999999,35.3,102.8,2026,Opolskie,17.099885912698415,migration_balance_x1.2
5.9,98.8,7958.35,124741650.6,587136992.42,-92.39999999999999,35.3,102.8,2027,Opolskie,17.099885912698415,migration_balance_x1.2
5.9,98.8,7958.35,124741650.6,587136992.42,-92.39999999999999,35.3,102.8,2028,Opolskie,17.099885912698415,migration_balance_x1.2
5.9,98.8,7958.35,124741650.6,587136992.42,-92.39999999999999,35.3,102.8,2029,Opolskie,17.099885912698415,migration_balance_x1.2
5.9,98.8,7958.35,124741650.6,587136992.42,-77.0,42.35999999999999,102.8,2025,Opolskie,17.099885912698415,tourism_usage_x1.2
5.9,98.8,7958.35,124741650.6,587136992.42,-77.0,42.35999999999999,102.8,2026,Opolskie,17.099885912698415,tourism_usage_x1.2
5.9,98.8,7958.35,124741650.6,587136992.42,-77.0,42.35999999999999,102.8,2027,Opolskie,17.099885912698415,tourism_usage_x1.2
5.9,98.8,7958.35,124741650.6,587136992.42,-77.0,42.35999999999999,102.8,2028,Opolskie,17.099885912698415,tourism_usage_x1.2
5.9,98.8,7958.35,124741650.6,587136992.42,-77.0,42.35999999999999,102.8,2029,Opolskie,17.099885912698415,tourism_usage_x1.2
5.9,98.8,7958.35,124741650.6,587136992.42,-77.0,35.3,123.35999999999999,2025,Opolskie,17.099885912698415,inflation_x1.2
5.9,98.8,7958.35,124741650.6,587136992.42,-77.0,35.3,123.35999999999999,2026,Opolskie,17.099885912698415,inflation_x1.2
5.9,98.8,7958.35,124741650.6,587136992.42,-77.0,35.3,123.35999999999999,2027,Opolskie,17.099885912698415,inflation_x1.2
5.9,98.8,7958.35,124741650.6,587136992.42,-77.0,35.3,123.35999999999999,2028,Opolskie,17.099885912698415,inflation_x1.2
5.9,98.8,7958.35,124741650.6,587136992.42,-77.0,35.3,123.35999999999999,2029,Opolskie,17.099885912698415,inflation_x1.2
8.7,115.6,7514.69,185553003.34,1197186864.32,-702.0,35.8,104.0,2025,Podkarpackie,11.986369166666664,BAZA_2024_STABILNE
8.7,115.6,7514.69,185553003.34,1197186864.32,-702.0,35.8,104.0,2026,Podkarpackie,11.986369166666664,BAZA_2024_STABILNE
8.7,115.6,7514.69,185553003.34,1197186864.32,-702.0,35.8,104.0,2027,Podkarpackie,11.986369166666664,BAZA_2024_STABILNE
8.7,115.6,7514.69,185553003.34,1197186864.32,-702.0,35.8,104.0,2028,Podkarpackie,11.986369166666664,BAZA_2024_STABILNE
8.7,115.6,7514.69,185553003.34,1197186864.32,-702.0,35.8,104.0,2029,Podkarpackie,11.986369166666664,BAZA_2024_STABILNE
10.44,115.6,7514.69,185553003.34,1197186864.32,-702.0,35.8,104.0,2025,Podkarpackie,12.727327406204907,unemployment_x1.2
10.44,115.6,7514.69,185553003.34,1197186864.32,-702.0,35.8,104.0,2026,Podkarpackie,12.727327406204907,unemployment_x1.2
10.44,115.6,7514.69,185553003.34,1197186864.32,-702.0,35.8,104.0,2027,Podkarpackie,12.727327406204907,unemployment_x1.2
10.44,115.6,7514.69,185553003.34,1197186864.32,-702.0,35.8,104.0,2028,Podkarpackie,12.727327406204907,unemployment_x1.2
10.44,115.6,7514.69,185553003.34,1197186864.32,-702.0,35.8,104.0,2029,Podkarpackie,12.727327406204907,unemployment_x1.2
8.7,138.72,7514.69,185553003.34,1197186864.32,-702.0,35.8,104.0,2025,Podkarpackie,12.184614523809522,population_density_x1.2
8.7,138.72,7514.69,185553003.34,1197186864.32,-702.0,35.8,104.0,2026,Podkarpackie,12.184614523809522,population_density_x1.2
8.7,138.72,7514.69,185553003.34,1197186864.32,-702.0,35.8,104.0,2027,Podkarpackie,12.184614523809522,population_density_x1.2
8.7,138.72,7514.69,185553003.34,1197186864.32,-702.0,35.8,104.0,2028,Podkarpackie,12.184614523809522,population_density_x1.2
8.7,138.72,7514.69,185553003.34,1197186864.32,-702.0,35.8,104.0,2029,Podkarpackie,12.184614523809522,population_density_x1.2
8.7,115.6,9017.627999999999,185553003.34,1197186864.32,-702.0,35.8,104.0,2025,Podkarpackie,11.986369166666664,avg_salary_x1.2
8.7,115.6,9017.627999999999,185553003.34,1197186864.32,-702.0,35.8,104.0,2026,Podkarpackie,11.986369166666664,avg_salary_x1.2
8.7,115.6,9017.627999999999,185553003.34,1197186864.32,-702.0,35.8,104.0,2027,Podkarpackie,11.986369166666664,avg_salary_x1.2
8.7,115.6,9017.627999999999,185553003.34,1197186864.32,-702.0,35.8,104.0,2028,Podkarpackie,11.986369166666664,avg_salary_x1.2
8.7,115.6,9017.627999999999,185553003.34,1197186864.32,-702.0,35.8,104.0,2029,Podkarpackie,11.986369166666664,avg_salary_x1.2
8.7,115.6,7514.69,222663604.008,1197186864.32,-702.0,35.8,104.0,2025,Podkarpackie,11.986369166666664,public_safety_exp_x1.2
8.7,115.6,7514.69,222663604.008,1197186864.32,-702.0,35.8,104.0,2026,Podkarpackie,11.986369166666664,public_safety_exp_x1.2
8.7,115.6,7514.69,222663604.008,1197186864.32,-702.0,35.8,104.0,2027,Podkarpackie,11.986369166666664,public_safety_exp_x1.2
8.7,115.6,7514.69,222663604.008,1197186864.32,-702.0,35.8,104.0,2028,Podkarpackie,11.986369166666664,public_safety_exp_x1.2
8.7,115.6,7514.69,222663604.008,1197186864.32,-702.0,35.8,104.0,2029,Podkarpackie,11.986369166666664,public_safety_exp_x1.2
8.7,115.6,7514.69,185553003.34,1436624237.1839998,-702.0,35.8,104.0,2025,Podkarpackie,11.986369166666664,education_exp_x1.2
8.7,115.6,7514.69,185553003.34,1436624237.1839998,-702.0,35.8,104.0,2026,Podkarpackie,11.986369166666664,education_exp_x1.2
8.7,115.6,7514.69,185553003.34,1436624237.1839998,-702.0,35.8,104.0,2027,Podkarpackie,11.986369166666664,education_exp_x1.2
8.7,115.6,7514.69,185553003.34,1436624237.1839998,-702.0,35.8,104.0,2028,Podkarpackie,11.986369166666664,education_exp_x1.2
8.7,115.6,7514.69,185553003.34,1436624237.1839998,-702.0,35.8,104.0,2029,Podkarpackie,11.986369166666664,education_exp_x1.2
8.7,115.6,7514.69,185553003.34,1197186864.32,-842.4,35.8,104.0,2025,Podkarpackie,11.986369166666664,migration_balance_x1.2
8.7,115.6,7514.69,185553003.34,1197186864.32,-842.4,35.8,104.0,2026,Podkarpackie,11.986369166666664,migration_balance_x1.2
8.7,115.6,7514.69,185553003.34,1197186864.32,-842.4,35.8,104.0,2027,Podkarpackie,11.986369166666664,migration_balance_x1.2
8.7,115.6,7514.69,185553003.34,1197186864.32,-842.4,35.8,104.0,2028,Podkarpackie,11.986369166666664,migration_balance_x1.2
8.7,115.6,7514.69,185553003.34,1197186864.32,-842.4,35.8,104.0,2029,Podkarpackie,11.986369166666664,migration_balance_x1.2
8.7,115.6,7514.69,185553003.34,1197186864.32,-702.0,42.959999999999994,104.0,2025,Podkarpackie,12.033419166666663,tourism_usage_x1.2
8.7,115.6,7514.69,185553003.34,1197186864.32,-702.0,42.959999999999994,104.0,2026,Podkarpackie,12.033419166666663,tourism_usage_x1.2
8.7,115.6,7514.69,185553003.34,1197186864.32,-702.0,42.959999999999994,104.0,2027,Podkarpackie,12.033419166666663,tourism_usage_x1.2
8.7,115.6,7514.69,185553003.34,1197186864.32,-702.0,42.959999999999994,104.0,2028,Podkarpackie,12.033419166666663,tourism_usage_x1.2
8.7,115.6,7514.69,185553003.34,1197186864.32,-702.0,42.959999999999994,104.0,2029,Podkarpackie,12.033419166666663,tourism_usage_x1.2
8.7,115.6,7514.69,185553003.34,1197186864.32,-702.0,35.8,124.8,2025,Podkarpackie,12.017697738095235,inflation_x1.2
8.7,115.6,7514.69,185553003.34,1197186864.32,-702.0,35.8,124.8,2026,Podkarpackie,12.017697738095235,inflation_x1.2
8.7,115.6,7514.69,185553003.34,1197186864.32,-702.0,35.8,124.8,2027,Podkarpackie,12.017697738095235,inflation_x1.2
8.7,115.6,7514.69,185553003.34,1197186864.32,-702.0,35.8,124.8,2028,Podkarpackie,12.017697738095235,inflation_x1.2
8.7,115.6,7514.69,185553003.34,1197186864.32,-702.0,35.8,124.8,2029,Podkarpackie,12.017697738095235,inflation_x1.2
6.9,56.1,7850.16,91022208.77,369445815.08,-867.0,34.4,103.3,2025,Podlaskie,15.468984166666669,BAZA_2024_STABILNE
6.9,56.1,7850.16,91022208.77,369445815.08,-867.0,34.4,103.3,2026,Podlaskie,15.468984166666669,BAZA_2024_STABILNE
6.9,56.1,7850.16,91022208.77,369445815.08,-867.0,34.4,103.3,2027,Podlaskie,15.468984166666669,BAZA_2024_STABILNE
6.9,56.1,7850.16,91022208.77,369445815.08,-867.0,34.4,103.3,2028,Podlaskie,15.468984166666669,BAZA_2024_STABILNE
6.9,56.1,7850.16,91022208.77,369445815.08,-867.0,34.4,103.3,2029,Podlaskie,15.468984166666669,BAZA_2024_STABILNE
8.28,56.1,7850.16,91022208.77,369445815.08,-867.0,34.4,103.3,2025,Podlaskie,15.552074166666669,unemployment_x1.2
8.28,56.1,7850.16,91022208.77,369445815.08,-867.0,34.4,103.3,2026,Podlaskie,15.552074166666669,unemployment_x1.2
8.28,56.1,7850.16,91022208.77,369445815.08,-867.0,34.4,103.3,2027,Podlaskie,15.552074166666669,unemployment_x1.2
8.28,56.1,7850.16,91022208.77,369445815.08,-867.0,34.4,103.3,2028,Podlaskie,15.552074166666669,unemployment_x1.2
8.28,56.1,7850.16,91022208.77,369445815.08,-867.0,34.4,103.3,2029,Podlaskie,15.552074166666669,unemployment_x1.2
6.9,67.32,7850.16,91022208.77,369445815.08,-867.0,34.4,103.3,2025,Podlaskie,16.328328571428575,population_density_x1.2
6.9,67.32,7850.16,91022208.77,369445815.08,-867.0,34.4,103.3,2026,Podlaskie,16.328328571428575,population_density_x1.2
6.9,67.32,7850.16,91022208.77,369445815.08,-867.0,34.4,103.3,2027,Podlaskie,16.328328571428575,population_density_x1.2
6.9,67.32,7850.16,91022208.77,369445815.08,-867.0,34.4,103.3,2028,Podlaskie,16.328328571428575,population_density_x1.2
6.9,67.32,7850.16,91022208.77,369445815.08,-867.0,34.4,103.3,2029,Podlaskie,16.328328571428575,population_density_x1.2
6.9,56.1,9420.192,91022208.77,369445815.08,-867.0,34.4,103.3,2025,Podlaskie,15.468984166666669,avg_salary_x1.2
6.9,56.1,9420.192,91022208.77,369445815.08,-867.0,34.4,103.3,2026,Podlaskie,15.468984166666669,avg_salary_x1.2
6.9,56.1,9420.192,91022208.77,369445815.08,-867.0,34.4,103.3,2027,Podlaskie,15.468984166666669,avg_salary_x1.2
6.9,56.1,9420.192,91022208.77,369445815.08,-867.0,34.4,103.3,2028,Podlaskie,15.468984166666669,avg_salary_x1.2
6.9,56.1,9420.192,91022208.77,369445815.08,-867.0,34.4,103.3,2029,Podlaskie,15.468984166666669,avg_salary_x1.2
6.9,56.1,7850.16,109226650.52399999,369445815.08,-867.0,34.4,103.3,2025,Podlaskie,15.468984166666669,public_safety_exp_x1.2
6.9,56.1,7850.16,109226650.52399999,369445815.08,-867.0,34.4,103.3,2026,Podlaskie,15.468984166666669,public_safety_exp_x1.2
6.9,56.1,7850.16,109226650.52399999,369445815.08,-867.0,34.4,103.3,2027,Podlaskie,15.468984166666669,public_safety_exp_x1.2
6.9,56.1,7850.16,109226650.52399999,369445815.08,-867.0,34.4,103.3,2028,Podlaskie,15.468984166666669,public_safety_exp_x1.2
6.9,56.1,7850.16,109226650.52399999,369445815.08,-867.0,34.4,103.3,2029,Podlaskie,15.468984166666669,public_safety_exp_x1.2
6.9,56.1,7850.16,91022208.77,443334978.09599996,-867.0,34.4,103.3,2025,Podlaskie,15.468984166666669,education_exp_x1.2
6.9,56.1,7850.16,91022208.77,443334978.09599996,-867.0,34.4,103.3,2026,Podlaskie,15.468984166666669,education_exp_x1.2
6.9,56.1,7850.16,91022208.77,443334978.09599996,-867.0,34.4,103.3,2027,Podlaskie,15.468984166666669,education_exp_x1.2
6.9,56.1,7850.16,91022208.77,443334978.09599996,-867.0,34.4,103.3,2028,Podlaskie,15.468984166666669,education_exp_x1.2
6.9,56.1,7850.16,91022208.77,443334978.09599996,-867.0,34.4,103.3,2029,Podlaskie,15.468984166666669,education_exp_x1.2
6.9,56.1,7850.16,91022208.77,369445815.08,-1040.3999999999999,34.4,103.3,2025,Podlaskie,15.476350833333335,migration_balance_x1.2
6.9,56.1,7850.16,91022208.77,369445815.08,-1040.3999999999999,34.4,103.3,2026,Podlaskie,15.476350833333335,migration_balance_x1.2
6.9,56.1,7850.16,91022208.77,369445815.08,-1040.3999999999999,34.4,103.3,2027,Podlaskie,15.476350833333335,migration_balance_x1.2
6.9,56.1,7850.16,91022208.77,369445815.08,-1040.3999999999999,34.4,103.3,2028,Podlaskie,15.476350833333335,migration_balance_x1.2
6.9,56.1,7850.16,91022208.77,369445815.08,-1040.3999999999999,34.4,103.3,2029,Podlaskie,15.476350833333335,migration_balance_x1.2
6.9,56.1,7850.16,91022208.77,369445815.08,-867.0,41.279999999999994,103.3,2025,Podlaskie,16.3805767857143,tourism_usage_x1.2
6.9,56.1,7850.16,91022208.77,369445815.08,-867.0,41.279999999999994,103.3,2026,Podlaskie,16.3805767857143,tourism_usage_x1.2
6.9,56.1,7850.16,91022208.77,369445815.08,-867.0,41.279999999999994,103.3,2027,Podlaskie,16.3805767857143,tourism_usage_x1.2
6.9,56.1,7850.16,91022208.77,369445815.08,-867.0,41.279999999999994,103.3,2028,Podlaskie,16.3805767857143,tourism_usage_x1.2
6.9,56.1,7850.16,91022208.77,369445815.08,-867.0,41.279999999999994,103.3,2029,Podlaskie,16.3805767857143,tourism_usage_x1.2
6.9,56.1,7850.16,91022208.77,369445815.08,-867.0,34.4,123.96,2025,Podlaskie,16.954987460317476,inflation_x1.2
6.9,56.1,7850.16,91022208.77,369445815.08,-867.0,34.4,123.96,2026,Podlaskie,16.954987460317476,inflation_x1.2
6.9,56.1,7850.16,91022208.77,369445815.08,-867.0,34.4,123.96,2027,Podlaskie,16.954987460317476,inflation_x1.2
6.9,56.1,7850.16,91022208.77,369445815.08,-867.0,34.4,123.96,2028,Podlaskie,16.954987460317476,inflation_x1.2
6.9,56.1,7850.16,91022208.77,369445815.08,-867.0,34.4,123.96,2029,Podlaskie,16.954987460317476,inflation_x1.2
4.6,120.7,8620.28,164032483.43,1129225873.03,2788.0,49.6,103.8,2025,Pomorskie,23.16563640331891,BAZA_2024_STABILNE
4.6,120.7,8620.28,164032483.43,1129225873.03,2788.0,49.6,103.8,2026,Pomorskie,23.16563640331891,BAZA_2024_STABILNE
4.6,120.7,8620.28,164032483.43,1129225873.03,2788.0,49.6,103.8,2027,Pomorskie,23.16563640331891,BAZA_2024_STABILNE
4.6,120.7,8620.28,164032483.43,1129225873.03,2788.0,49.6,103.8,2028,Pomorskie,23.16563640331891,BAZA_2024_STABILNE
4.6,120.7,8620.28,164032483.43,1129225873.03,2788.0,49.6,103.8,2029,Pomorskie,23.16563640331891,BAZA_2024_STABILNE
5.52,120.7,8620.28,164032483.43,1129225873.03,2788.0,49.6,103.8,2025,Pomorskie,23.14506497474748,unemployment_x1.2
5.52,120.7,8620.28,164032483.43,1129225873.03,2788.0,49.6,103.8,2026,Pomorskie,23.14506497474748,unemployment_x1.2
5.52,120.7,8620.28,164032483.43,1129225873.03,2788.0,49.6,103.8,2027,Pomorskie,23.14506497474748,unemployment_x1.2
5.52,120.7,8620.28,164032483.43,1129225873.03,2788.0,49.6,103.8,2028,Pomorskie,23.14506497474748,unemployment_x1.2
5.52,120.7,8620.28,164032483.43,1129225873.03,2788.0,49.6,103.8,2029,Pomorskie,23.14506497474748,unemployment_x1.2
4.6,144.84,8620.28,164032483.43,1129225873.03,2788.0,49.6,103.8,2025,Pomorskie,22.36763116522367,population_density_x1.2
4.6,144.84,8620.28,164032483.43,1129225873.03,2788.0,49.6,103.8,2026,Pomorskie,22.36763116522367,population_density_x1.2
4.6,144.84,8620.28,164032483.43,1129225873.03,2788.0,49.6,103.8,2027,Pomorskie,22.36763116522367,population_density_x1.2
4.6,144.84,8620.28,164032483.43,1129225873.03,2788.0,49.6,103.8,2028,Pomorskie,22.36763116522367,population_density_x1.2
4.6,144.84,8620.28,164032483.43,1129225873.03,2788.0,49.6,103.8,2029,Pomorskie,22.36763116522367,population_density_x1.2
4.6,120.7,10344.336000000001,164032483.43,1129225873.03,2788.0,49.6,103.8,2025,Pomorskie,23.16563640331891,avg_salary_x1.2
4.6,120.7,10344.336000000001,164032483.43,1129225873.03,2788.0,49.6,103.8,2026,Pomorskie,23.16563640331891,avg_salary_x1.2
4.6,120.7,10344.336000000001,164032483.43,1129225873.03,2788.0,49.6,103.8,2027,Pomorskie,23.16563640331891,avg_salary_x1.2
4.6,120.7,10344.336000000001,164032483.43,1129225873.03,2788.0,49.6,103.8,2028,Pomorskie,23.16563640331891,avg_salary_x1.2
4.6,120.7,10344.336000000001,164032483.43,1129225873.03,2788.0,49.6,103.8,2029,Pomorskie,23.16563640331891,avg_salary_x1.2
4.6,120.7,8620.28,196838980.116,1129225873.03,2788.0,49.6,103.8,2025,Pomorskie,23.16563640331891,public_safety_exp_x1.2
4.6,120.7,8620.28,196838980.116,1129225873.03,2788.0,49.6,103.8,2026,Pomorskie,23.16563640331891,public_safety_exp_x1.2
4.6,120.7,8620.28,196838980.116,1129225873.03,2788.0,49.6,103.8,2027,Pomorskie,23.16563640331891,public_safety_exp_x1.2
4.6,120.7,8620.28,196838980.116,1129225873.03,2788.0,49.6,103.8,2028,Pomorskie,23.16563640331891,public_safety_exp_x1.2
4.6,120.7,8620.28,196838980.116,1129225873.03,2788.0,49.6,103.8,2029,Pomorskie,23.16563640331891,public_safety_exp_x1.2
4.6,120.7,8620.28,164032483.43,1355071047.636,2788.0,49.6,103.8,2025,Pomorskie,23.16563640331891,education_exp_x1.2
4.6,120.7,8620.28,164032483.43,1355071047.636,2788.0,49.6,103.8,2026,Pomorskie,23.16563640331891,education_exp_x1.2
4.6,120.7,8620.28,164032483.43,1355071047.636,2788.0,49.6,103.8,2027,Pomorskie,23.16563640331891,education_exp_x1.2
4.6,120.7,8620.28,164032483.43,1355071047.636,2788.0,49.6,103.8,2028,Pomorskie,23.16563640331891,education_exp_x1.2
4.6,120.7,8620.28,164032483.43,1355071047.636,2788.0,49.6,103.8,2029,Pomorskie,23.16563640331891,education_exp_x1.2
4.6,120.7,8620.28,164032483.43,1129225873.03,3345.6,49.6,103.8,2025,Pomorskie,26.279828957431455,migration_balance_x1.2
4.6,120.7,8620.28,164032483.43,1129225873.03,3345.6,49.6,103.8,2026,Pomorskie,26.279828957431455,migration_balance_x1.2
4.6,120.7,8620.28,164032483.43,1129225873.03,3345.6,49.6,103.8,2027,Pomorskie,26.279828957431455,migration_balance_x1.2
4.6,120.7,8620.28,164032483.43,1129225873.03,3345.6,49.6,103.8,2028,Pomorskie,26.279828957431455,migration_balance_x1.2
4.6,120.7,8620.28,164032483.43,1129225873.03,3345.6,49.6,103.8,2029,Pomorskie,26.279828957431455,migration_balance_x1.2
4.6,120.7,8620.28,164032483.43,1129225873.03,2788.0,59.519999999999996,103.8,2025,Pomorskie,23.16563640331891,tourism_usage_x1.2
4.6,120.7,8620.28,164032483.43,1129225873.03,2788.0,59.519999999999996,103.8,2026,Pomorskie,23.16563640331891,tourism_usage_x1.2
4.6,120.7,8620.28,164032483.43,1129225873.03,2788.0,59.519999999999996,103.8,2027,Pomorskie,23.16563640331891,tourism_usage_x1.2
4.6,120.7,8620.28,164032483.43,1129225873.03,2788.0,59.519999999999996,103.8,2028,Pomorskie,23.16563640331891,tourism_usage_x1.2
4.6,120.7,8620.28,164032483.43,1129225873.03,2788.0,59.519999999999996,103.8,2029,Pomorskie,23.16563640331891,tourism_usage_x1.2
4.6,120.7,8620.28,164032483.43,1129225873.03,2788.0,49.6,124.55999999999999,2025,Pomorskie,23.458227723665228,inflation_x1.2
4.6,120.7,8620.28,164032483.43,1129225873.03,2788.0,49.6,124.55999999999999,2026,Pomorskie,23.458227723665228,inflation_x1.2
4.6,120.7,8620.28,164032483.43,1129225873.03,2788.0,49.6,124.55999999999999,2027,Pomorskie,23.458227723665228,inflation_x1.2
4.6,120.7,8620.28,164032483.43,1129225873.03,2788.0,49.6,124.55999999999999,2028,Pomorskie,23.458227723665228,inflation_x1.2
4.6,120.7,8620.28,164032483.43,1129225873.03,2788.0,49.6,124.55999999999999,2029,Pomorskie,23.458227723665228,inflation_x1.2
8.3,55.8,7529.41,147134079.59,915025579.88,-2552.0,38.2,102.9,2025,Warmińsko-Mazurskie,19.92672793650794,BAZA_2024_STABILNE
8.3,55.8,7529.41,147134079.59,915025579.88,-2552.0,38.2,102.9,2026,Warmińsko-Mazurskie,19.92672793650794,BAZA_2024_STABILNE
8.3,55.8,7529.41,147134079.59,915025579.88,-2552.0,38.2,102.9,2027,Warmińsko-Mazurskie,19.92672793650794,BAZA_2024_STABILNE
8.3,55.8,7529.41,147134079.59,915025579.88,-2552.0,38.2,102.9,2028,Warmińsko-Mazurskie,19.92672793650794,BAZA_2024_STABILNE
8.3,55.8,7529.41,147134079.59,915025579.88,-2552.0,38.2,102.9,2029,Warmińsko-Mazurskie,19.92672793650794,BAZA_2024_STABILNE
9.96,55.8,7529.41,147134079.59,915025579.88,-2552.0,38.2,102.9,2025,Warmińsko-Mazurskie,19.801268650793656,unemployment_x1.2
9.96,55.8,7529.41,147134079.59,915025579.88,-2552.0,38.2,102.9,2026,Warmińsko-Mazurskie,19.801268650793656,unemployment_x1.2
9.96,55.8,7529.41,147134079.59,915025579.88,-2552.0,38.2,102.9,2027,Warmińsko-Mazurskie,19.801268650793656,unemployment_x1.2
9.96,55.8,7529.41,147134079.59,915025579.88,-2552.0,38.2,102.9,2028,Warmińsko-Mazurskie,19.801268650793656,unemployment_x1.2
9.96,55.8,7529.41,147134079.59,915025579.88,-2552.0,38.2,102.9,2029,Warmińsko-Mazurskie,19.801268650793656,unemployment_x1.2
8.3,66.96,7529.41,147134079.59,915025579.88,-2552.0,38.2,102.9,2025,Warmińsko-Mazurskie,20.16729900793651,population_density_x1.2
8.3,66.96,7529.41,147134079.59,915025579.88,-2552.0,38.2,102.9,2026,Warmińsko-Mazurskie,20.16729900793651,population_density_x1.2
8.3,66.96,7529.41,147134079.59,915025579.88,-2552.0,38.2,102.9,2027,Warmińsko-Mazurskie,20.16729900793651,population_density_x1.2
8.3,66.96,7529.41,147134079.59,915025579.88,-2552.0,38.2,102.9,2028,Warmińsko-Mazurskie,20.16729900793651,population_density_x1.2
8.3,66.96,7529.41,147134079.59,915025579.88,-2552.0,38.2,102.9,2029,Warmińsko-Mazurskie,20.16729900793651,population_density_x1.2
8.3,55.8,9035.292,147134079.59,915025579.88,-2552.0,38.2,102.9,2025,Warmińsko-Mazurskie,19.92672793650794,avg_salary_x1.2
8.3,55.8,9035.292,147134079.59,915025579.88,-2552.0,38.2,102.9,2026,Warmińsko-Mazurskie,19.92672793650794,avg_salary_x1.2
8.3,55.8,9035.292,147134079.59,915025579.88,-2552.0,38.2,102.9,2027,Warmińsko-Mazurskie,19.92672793650794,avg_salary_x1.2
8.3,55.8,9035.292,147134079.59,915025579.88,-2552.0,38.2,102.9,2028,Warmińsko-Mazurskie,19.92672793650794,avg_salary_x1.2
8.3,55.8,9035.292,147134079.59,915025579.88,-2552.0,38.2,102.9,2029,Warmińsko-Mazurskie,19.92672793650794,avg_salary_x1.2
8.3,55.8,7529.41,176560895.508,915025579.88,-2552.0,38.2,102.9,2025,Warmińsko-Mazurskie,19.92672793650794,public_safety_exp_x1.2
8.3,55.8,7529.41,176560895.508,915025579.88,-2552.0,38.2,102.9,2026,Warmińsko-Mazurskie,19.92672793650794,public_safety_exp_x1.2
8.3,55.8,7529.41,176560895.508,915025579.88,-2552.0,38.2,102.9,2027,Warmińsko-Mazurskie,19.92672793650794,public_safety_exp_x1.2
8.3,55.8,7529.41,176560895.508,915025579.88,-2552.0,38.2,102.9,2028,Warmińsko-Mazurskie,19.92672793650794,public_safety_exp_x1.2
8.3,55.8,7529.41,176560895.508,915025579.88,-2552.0,38.2,102.9,2029,Warmińsko-Mazurskie,19.92672793650794,public_safety_exp_x1.2
8.3,55.8,7529.41,147134079.59,1098030695.856,-2552.0,38.2,102.9,2025,Warmińsko-Mazurskie,19.92672793650794,education_exp_x1.2
8.3,55.8,7529.41,147134079.59,1098030695.856,-2552.0,38.2,102.9,2026,Warmińsko-Mazurskie,19.92672793650794,education_exp_x1.2
8.3,55.8,7529.41,147134079.59,1098030695.856,-2552.0,38.2,102.9,2027,Warmińsko-Mazurskie,19.92672793650794,education_exp_x1.2
8.3,55.8,7529.41,147134079.59,1098030695.856,-2552.0,38.2,102.9,2028,Warmińsko-Mazurskie,19.92672793650794,education_exp_x1.2
8.3,55.8,7529.41,147134079.59,1098030695.856,-2552.0,38.2,102.9,2029,Warmińsko-Mazurskie,19.92672793650794,education_exp_x1.2
8.3,55.8,7529.41,147134079.59,915025579.88,-3062.4,38.2,102.9,2025,Warmińsko-Mazurskie,20.734696150793653,migration_balance_x1.2
8.3,55.8,7529.41,147134079.59,915025579.88,-3062.4,38.2,102.9,2026,Warmińsko-Mazurskie,20.734696150793653,migration_balance_x1.2
8.3,55.8,7529.41,147134079.59,915025579.88,-3062.4,38.2,102.9,2027,Warmińsko-Mazurskie,20.734696150793653,migration_balance_x1.2
8.3,55.8,7529.41,147134079.59,915025579.88,-3062.4,38.2,102.9,2028,Warmińsko-Mazurskie,20.734696150793653,migration_balance_x1.2
8.3,55.8,7529.41,147134079.59,915025579.88,-3062.4,38.2,102.9,2029,Warmińsko-Mazurskie,20.734696150793653,migration_balance_x1.2
8.3,55.8,7529.41,147134079.59,915025579.88,-2552.0,45.84,102.9,2025,Warmińsko-Mazurskie,19.891593650793656,tourism_usage_x1.2
8.3,55.8,7529.41,147134079.59,915025579.88,-2552.0,45.84,102.9,2026,Warmińsko-Mazurskie,19.891593650793656,tourism_usage_x1.2
8.3,55.8,7529.41,147134079.59,915025579.88,-2552.0,45.84,102.9,2027,Warmińsko-Mazurskie,19.891593650793656,tourism_usage_x1.2
8.3,55.8,7529.41,147134079.59,915025579.88,-2552.0,45.84,102.9,2028,Warmińsko-Mazurskie,19.891593650793656,tourism_usage_x1.2
8.3,55.8,7529.41,147134079.59,915025579.88,-2552.0,45.84,102.9,2029,Warmińsko-Mazurskie,19.891593650793656,tourism_usage_x1.2
8.3,55.8,7529.41,147134079.59,915025579.88,-2552.0,38.2,123.48,2025,Warmińsko-Mazurskie,19.988337460317464,inflation_x1.2
8.3,55.8,7529.41,147134079.59,915025579.88,-2552.0,38.2,123.48,2026,Warmińsko-Mazurskie,19.988337460317464,inflation_x1.2
8.3,55.8,7529.41,147134079.59,915025579.88,-2552.0,38.2,123.48,2027,Warmińsko-Mazurskie,19.988337460317464,inflation_x1.2
8.3,55.8,7529.41,147134079.59,915025579.88,-2552.0,38.2,123.48,2028,Warmińsko-Mazurskie,19.988337460317464,inflation_x1.2
8.3,55.8,7529.41,147134079.59,915025579.88,-2552.0,38.2,123.48,2029,Warmińsko-Mazurskie,19.988337460317464,inflation_x1.2
3.0,116.7,7759.22,264407919.65,1904349445.48,487.0,36.9,104.0,2025,Wielkopolskie,18.474467261904767,BAZA_2024_STABILNE
3.0,116.7,7759.22,264407919.65,1904349445.48,487.0,36.9,104.0,2026,Wielkopolskie,18.474467261904767,BAZA_2024_STABILNE
3.0,116.7,7759.22,264407919.65,1904349445.48,487.0,36.9,104.0,2027,Wielkopolskie,18.474467261904767,BAZA_2024_STABILNE
3.0,116.7,7759.22,264407919.65,1904349445.48,487.0,36.9,104.0,2028,Wielkopolskie,18.474467261904767,BAZA_2024_STABILNE
3.0,116.7,7759.22,264407919.65,1904349445.48,487.0,36.9,104.0,2029,Wielkopolskie,18.474467261904767,BAZA_2024_STABILNE
3.5999999999999996,116.7,7759.22,264407919.65,1904349445.48,487.0,36.9,104.0,2025,Wielkopolskie,18.18714464285715,unemployment_x1.2
3.5999999999999996,116.7,7759.22,264407919.65,1904349445.48,487.0,36.9,104.0,2026,Wielkopolskie,18.18714464285715,unemployment_x1.2
3.5999999999999996,116.7,7759.22,264407919.65,1904349445.48,487.0,36.9,104.0,2027,Wielkopolskie,18.18714464285715,unemployment_x1.2
3.5999999999999996,116.7,7759.22,264407919.65,1904349445.48,487.0,36.9,104.0,2028,Wielkopolskie,18.18714464285715,unemployment_x1.2
3.5999999999999996,116.7,7759.22,264407919.65,1904349445.48,487.0,36.9,104.0,2029,Wielkopolskie,18.18714464285715,unemployment_x1.2
3.0,140.04,7759.22,264407919.65,1904349445.48,487.0,36.9,104.0,2025,Wielkopolskie,18.467742261904768,population_density_x1.2
3.0,140.04,7759.22,264407919.65,1904349445.48,487.0,36.9,104.0,2026,Wielkopolskie,18.467742261904768,population_density_x1.2
3.0,140.04,7759.22,264407919.65,1904349445.48,487.0,36.9,104.0,2027,Wielkopolskie,18.467742261904768,population_density_x1.2
3.0,140.04,7759.22,264407919.65,1904349445.48,487.0,36.9,104.0,2028,Wielkopolskie,18.467742261904768,population_density_x1.2
3.0,140.04,7759.22,264407919.65,1904349445.48,487.0,36.9,104.0,2029,Wielkopolskie,18.467742261904768,population_density_x1.2
3.0,116.7,9311.064,264407919.65,1904349445.48,487.0,36.9,104.0,2025,Wielkopolskie,18.474467261904767,avg_salary_x1.2
3.0,116.7,9311.064,264407919.65,1904349445.48,487.0,36.9,104.0,2026,Wielkopolskie,18.474467261904767,avg_salary_x1.2
3.0,116.7,9311.064,264407919.65,1904349445.48,487.0,36.9,104.0,2027,Wielkopolskie,18.474467261904767,avg_salary_x1.2
3.0,116.7,9311.064,264407919.65,1904349445.48,487.0,36.9,104.0,2028,Wielkopolskie,18.474467261904767,avg_salary_x1.2
3.0,116.7,9311.064,264407919.65,1904349445.48,487.0,36.9,104.0,2029,Wielkopolskie,18.474467261904767,avg_salary_x1.2
3.0,116.7,7759.22,317289503.58,1904349445.48,487.0,36.9,104.0,2025,Wielkopolskie,18.474467261904767,public_safety_exp_x1.2
3.0,116.7,7759.22,317289503.58,1904349445.48,487.0,36.9,104.0,2026,Wielkopolskie,18.474467261904767,public_safety_exp_x1.2
3.0,116.7,7759.22,317289503.58,1904349445.48,487.0,36.9,104.0,2027,Wielkopolskie,18.474467261904767,public_safety_exp_x1.2
3.0,116.7,7759.22,317289503.58,1904349445.48,487.0,36.9,104.0,2028,Wielkopolskie,18.474467261904767,public_safety_exp_x1.2
3.0,116.7,7759.22,317289503.58,1904349445.48,487.0,36.9,104.0,2029,Wielkopolskie,18.474467261904767,public_safety_exp_x1.2
3.0,116.7,7759.22,264407919.65,2285219334.5759997,487.0,36.9,104.0,2025,Wielkopolskie,18.474467261904767,education_exp_x1.2
3.0,116.7,7759.22,264407919.65,2285219334.5759997,487.0,36.9,104.0,2026,Wielkopolskie,18.474467261904767,education_exp_x1.2
3.0,116.7,7759.22,264407919.65,2285219334.5759997,487.0,36.9,104.0,2027,Wielkopolskie,18.474467261904767,education_exp_x1.2
3.0,116.7,7759.22,264407919.65,2285219334.5759997,487.0,36.9,104.0,2028,Wielkopolskie,18.474467261904767,education_exp_x1.2
3.0,116.7,7759.22,264407919.65,2285219334.5759997,487.0,36.9,104.0,2029,Wielkopolskie,18.474467261904767,education_exp_x1.2
3.0,116.7,7759.22,264407919.65,1904349445.48,584.4,36.9,104.0,2025,Wielkopolskie,18.474467261904767,migration_balance_x1.2
3.0,116.7,7759.22,264407919.65,1904349445.48,584.4,36.9,104.0,2026,Wielkopolskie,18.474467261904767,migration_balance_x1.2
3.0,116.7,7759.22,264407919.65,1904349445.48,584.4,36.9,104.0,2027,Wielkopolskie,18.474467261904767,migration_balance_x1.2
3.0,116.7,7759.22,264407919.65,1904349445.48,584.4,36.9,104.0,2028,Wielkopolskie,18.474467261904767,migration_balance_x1.2
3.0,116.7,7759.22,264407919.65,1904349445.48,584.4,36.9,104.0,2029,Wielkopolskie,18.474467261904767,migration_balance_x1.2
3.0,116.7,7759.22,264407919.65,1904349445.48,487.0,44.279999999999994,104.0,2025,Wielkopolskie,18.474467261904767,tourism_usage_x1.2
3.0,116.7,7759.22,264407919.65,1904349445.48,487.0,44.279999999999994,104.0,2026,Wielkopolskie,18.474467261904767,tourism_usage_x1.2
3.0,116.7,7759.22,264407919.65,1904349445.48,487.0,44.279999999999994,104.0,2027,Wielkopolskie,18.474467261904767,tourism_usage_x1.2
3.0,116.7,7759.22,264407919.65,1904349445.48,487.0,44.279999999999994,104.0,2028,Wielkopolskie,18.474467261904767,tourism_usage_x1.2
3.0,116.7,7759.22,264407919.65,1904349445.48,487.0,44.279999999999994,104.0,2029,Wielkopolskie,18.474467261904767,tourism_usage_x1.2
3.0,116.7,7759.22,264407919.65,1904349445.48,487.0,36.9,124.8,2025,Wielkopolskie,18.474467261904767,inflation_x1.2
3.0,116.7,7759.22,264407919.65,1904349445.48,487.0,36.9,124.8,2026,Wielkopolskie,18.474467261904767,inflation_x1.2
3.0,116.7,7759.22,264407919.65,1904349445.48,487.0,36.9,124.8,2027,Wielkopolskie,18.474467261904767,inflation_x1.2
3.0,116.7,7759.22,264407919.65,1904349445.48,487.0,36.9,124.8,2028,Wielkopolskie,18.474467261904767,inflation_x1.2
3.0,116.7,7759.22,264407919.65,1904349445.48,487.0,36.9,124.8,2029,Wielkopolskie,18.474467261904767,inflation_x1.2
6.8,70.8,8027.37,168983278.63,823042430.42,-35.0,50.9,103.8,2025,Zachodniopomorskie,21.70387281746032,BAZA_2024_STABILNE
6.8,70.8,8027.37,168983278.63,823042430.42,-35.0,50.9,103.8,2026,Zachodniopomorskie,21.70387281746032,BAZA_2024_STABILNE
6.8,70.8,8027.37,168983278.63,823042430.42,-35.0,50.9,103.8,2027,Zachodniopomorskie,21.70387281746032,BAZA_2024_STABILNE
6.8,70.8,8027.37,168983278.63,823042430.42,-35.0,50.9,103.8,2028,Zachodniopomorskie,21.70387281746032,BAZA_2024_STABILNE
6.8,70.8,8027.37,168983278.63,823042430.42,-35.0,50.9,103.8,2029,Zachodniopomorskie,21.70387281746032,BAZA_2024_STABILNE
8.16,70.8,8027.37,168983278.63,823042430.42,-35.0,50.9,103.8,2025,Zachodniopomorskie,21.371036785714292,unemployment_x1.2
8.16,70.8,8027.37,168983278.63,823042430.42,-35.0,50.9,103.8,2026,Zachodniopomorskie,21.371036785714292,unemployment_x1.2
8.16,70.8,8027.37,168983278.63,823042430.42,-35.0,50.9,103.8,2027,Zachodniopomorskie,21.371036785714292,unemployment_x1.2
8.16,70.8,8027.37,168983278.63,823042430.42,-35.0,50.9,103.8,2028,Zachodniopomorskie,21.371036785714292,unemployment_x1.2
8.16,70.8,8027.37,168983278.63,823042430.42,-35.0,50.9,103.8,2029,Zachodniopomorskie,21.371036785714292,unemployment_x1.2
6.8,84.96,8027.37,168983278.63,823042430.42,-35.0,50.9,103.8,2025,Zachodniopomorskie,22.395044841269836,population_density_x1.2
6.8,84.96,8027.37,168983278.63,823042430.42,-35.0,50.9,103.8,2026,Zachodniopomorskie,22.395044841269836,population_density_x1.2
6.8,84.96,8027.37,168983278.63,823042430.42,-35.0,50.9,103.8,2027,Zachodniopomorskie,22.395044841269836,population_density_x1.2
6.8,84.96,8027.37,168983278.63,823042430.42,-35.0,50.9,103.8,2028,Zachodniopomorskie,22.395044841269836,population_density_x1.2
6.8,84.96,8027.37,168983278.63,823042430.42,-35.0,50.9,103.8,2029,Zachodniopomorskie,22.395044841269836,population_density_x1.2
6.8,70.8,9632.844,168983278.63,823042430.42,-35.0,50.9,103.8,2025,Zachodniopomorskie,21.70387281746032,avg_salary_x1.2
6.8,70.8,9632.844,168983278.63,823042430.42,-35.0,50.9,103.8,2026,Zachodniopomorskie,21.70387281746032,avg_salary_x1.2
6.8,70.8,9632.844,168983278.63,823042430.42,-35.0,50.9,103.8,2027,Zachodniopomorskie,21.70387281746032,avg_salary_x1.2
6.8,70.8,9632.844,168983278.63,823042430.42,-35.0,50.9,103.8,2028,Zachodniopomorskie,21.70387281746032,avg_salary_x1.2
6.8,70.8,9632.844,168983278.63,823042430.42,-35.0,50.9,103.8,2029,Zachodniopomorskie,21.70387281746032,avg_salary_x1.2
6.8,70.8,8027.37,202779934.35599998,823042430.42,-35.0,50.9,103.8,2025,Zachodniopomorskie,21.70387281746032,public_safety_exp_x1.2
6.8,70.8,8027.37,202779934.35599998,823042430.42,-35.0,50.9,103.8,2026,Zachodniopomorskie,21.70387281746032,public_safety_exp_x1.2
6.8,70.8,8027.37,202779934.35599998,823042430.42,-35.0,50.9,103.8,2027,Zachodniopomorskie,21.70387281746032,public_safety_exp_x1.2
6.8,70.8,8027.37,202779934.35599998,823042430.42,-35.0,50.9,103.8,2028,Zachodniopomorskie,21.70387281746032,public_safety_exp_x1.2
6.8,70.8,8027.37,202779934.35599998,823042430.42,-35.0,50.9,103.8,2029,Zachodniopomorskie,21.70387281746032,public_safety_exp_x1.2
6.8,70.8,8027.37,168983278.63,987650916.504,-35.0,50.9,103.8,2025,Zachodniopomorskie,21.70387281746032,education_exp_x1.2
6.8,70.8,8027.37,168983278.63,987650916.504,-35.0,50.9,103.8,2026,Zachodniopomorskie,21.70387281746032,education_exp_x1.2
6.8,70.8,8027.37,168983278.63,987650916.504,-35.0,50.9,103.8,2027,Zachodniopomorskie,21.70387281746032,education_exp_x1.2
6.8,70.8,8027.37,168983278.63,987650916.504,-35.0,50.9,103.8,2028,Zachodniopomorskie,21.70387281746032,education_exp_x1.2
6.8,70.8,8027.37,168983278.63,987650916.504,-35.0,50.9,103.8,2029,Zachodniopomorskie,21.70387281746032,education_exp_x1.2
6.8,70.8,8027.37,168983278.63,823042430.42,-42.0,50.9,103.8,2025,Zachodniopomorskie,21.70387281746032,migration_balance_x1.2
6.8,70.8,8027.37,168983278.63,823042430.42,-42.0,50.9,103.8,2026,Zachodniopomorskie,21.70387281746032,migration_balance_x1.2
6.8,70.8,8027.37,168983278.63,823042430.42,-42.0,50.9,103.8,2027,Zachodniopomorskie,21.70387281746032,migration_balance_x1.2
6.8,70.8,8027.37,168983278.63,823042430.42,-42.0,50.9,103.8,2028,Zachodniopomorskie,21.70387281746032,migration_balance_x1.2
6.8,70.8,8027.37,168983278.63,823042430.42,-42.0,50.9,103.8,2029,Zachodniopomorskie,21.70387281746032,migration_balance_x1.2
6.8,70.8,8027.37,168983278.63,823042430.42,-35.0,61.08,103.8,2025,Zachodniopomorskie,27.686851428571426,tourism_usage_x1.2
6.8,70.8,8027.37,168983278.63,823042430.42,-35.0,61.08,103.8,2026,Zachodniopomorskie,27.686851428571426,tourism_usage_x1.2
6.8,70.8,8027.37,168983278.63,823042430.42,-35.0,61.08,103.8,2027,Zachodniopomorskie,27.686851428571426,tourism_usage_x1.2
6.8,70.8,8027.37,168983278.63,823042430.42,-35.0,61.08,103.8,2028,Zachodniopomorskie,27.686851428571426,tourism_usage_x1.2
6.8,70.8,8027.37,168983278.63,823042430.42,-35.0,61.08,103.8,2029,Zachodniopomorskie,27.686851428571426,tourism_usage_x1.2
6.8,70.8,8027.37,168983278.63,823042430.42,-35.0,50.9,124.55999999999999,2025,Zachodniopomorskie,22.07871079365079,inflation_x1.2
6.8,70.8,8027.37,168983278.63,823042430.42,-35.0,50.9,124.55999999999999,2026,Zachodniopomorskie,22.07871079365079,inflation_x1.2
6.8,70.8,8027.37,168983278.63,823042430.42,-35.0,50.9,124.55999999999999,2027,Zachodniopomorskie,22.07871079365079,inflation_x1.2
6.8,70.8,8027.37,168983278.63,823042430.42,-35.0,50.9,124.55999999999999,2028,Zachodniopomorskie,22.07871079365079,inflation_x1.2
6.8,70.8,8027.37,168983278.63,823042430.42,-35.0,50.9,124.55999999999999,2029,Zachodniopomorskie,22.07871079365079,inflation_x1.2
5.4,128.8,8096.32,202131259.06,1156752651.89,-1942.0,36.2,103.0,2025,Łódzkie,19.860575714285723,BAZA_2024_STABILNE
5.4,128.8,8096.32,202131259.06,1156752651.89,-1942.0,36.2,103.0,2026,Łódzkie,19.860575714285723,BAZA_2024_STABILNE
5.4,128.8,8096.32,202131259.06,1156752651.89,-1942.0,36.2,103.0,2027,Łódzkie,19.860575714285723,BAZA_2024_STABILNE
5.4,128.8,8096.32,202131259.06,1156752651.89,-1942.0,36.2,103.0,2028,Łódzkie,19.860575714285723,BAZA_2024_STABILNE
5.4,128.8,8096.32,202131259.06,1156752651.89,-1942.0,36.2,103.0,2029,Łódzkie,19.860575714285723,BAZA_2024_STABILNE
6.48,128.8,8096.32,202131259.06,1156752651.89,-1942.0,36.2,103.0,2025,Łódzkie,19.892575714285723,unemployment_x1.2
6.48,128.8,8096.32,202131259.06,1156752651.89,-1942.0,36.2,103.0,2026,Łódzkie,19.892575714285723,unemployment_x1.2
6.48,128.8,8096.32,202131259.06,1156752651.89,-1942.0,36.2,103.0,2027,Łódzkie,19.892575714285723,unemployment_x1.2
6.48,128.8,8096.32,202131259.06,1156752651.89,-1942.0,36.2,103.0,2028,Łódzkie,19.892575714285723,unemployment_x1.2
6.48,128.8,8096.32,202131259.06,1156752651.89,-1942.0,36.2,103.0,2029,Łódzkie,19.892575714285723,unemployment_x1.2
5.4,154.56,8096.32,202131259.06,1156752651.89,-1942.0,36.2,103.0,2025,Łódzkie,23.532448571428578,population_density_x1.2
5.4,154.56,8096.32,202131259.06,1156752651.89,-1942.0,36.2,103.0,2026,Łódzkie,23.532448571428578,population_density_x1.2
5.4,154.56,8096.32,202131259.06,1156752651.89,-1942.0,36.2,103.0,2027,Łódzkie,23.532448571428578,population_density_x1.2
5.4,154.56,8096.32,202131259.06,1156752651.89,-1942.0,36.2,103.0,2028,Łódzkie,23.532448571428578,population_density_x1.2
5.4,154.56,8096.32,202131259.06,1156752651.89,-1942.0,36.2,103.0,2029,Łódzkie,23.532448571428578,population_density_x1.2
5.4,128.8,9715.583999999999,202131259.06,1156752651.89,-1942.0,36.2,103.0,2025,Łódzkie,19.860575714285723,avg_salary_x1.2
5.4,128.8,9715.583999999999,202131259.06,1156752651.89,-1942.0,36.2,103.0,2026,Łódzkie,19.860575714285723,avg_salary_x1.2
5.4,128.8,9715.583999999999,202131259.06,1156752651.89,-1942.0,36.2,103.0,2027,Łódzkie,19.860575714285723,avg_salary_x1.2
5.4,128.8,9715.583999999999,202131259.06,1156752651.89,-1942.0,36.2,103.0,2028,Łódzkie,19.860575714285723,avg_salary_x1.2
5.4,128.8,9715.583999999999,202131259.06,1156752651.89,-1942.0,36.2,103.0,2029,Łódzkie,19.860575714285723,avg_salary_x1.2
5.4,128.8,8096.32,242557510.87199998,1156752651.89,-1942.0,36.2,103.0,2025,Łódzkie,19.860575714285723,public_safety_exp_x1.2
5.4,128.8,8096.32,242557510.87199998,1156752651.89,-1942.0,36.2,103.0,2026,Łódzkie,19.860575714285723,public_safety_exp_x1.2
5.4,128.8,8096.32,242557510.87199998,1156752651.89,-1942.0,36.2,103.0,2027,Łódzkie,19.860575714285723,public_safety_exp_x1.2
5.4,128.8,8096.32,242557510.87199998,1156752651.89,-1942.0,36.2,103.0,2028,Łódzkie,19.860575714285723,public_safety_exp_x1.2
5.4,128.8,8096.32,242557510.87199998,1156752651.89,-1942.0,36.2,103.0,2029,Łódzkie,19.860575714285723,public_safety_exp_x1.2
5.4,128.8,8096.32,202131259.06,1388103182.2680001,-1942.0,36.2,103.0,2025,Łódzkie,19.860575714285723,education_exp_x1.2
5.4,128.8,8096.32,202131259.06,1388103182.2680001,-1942.0,36.2,103.0,2026,Łódzkie,19.860575714285723,education_exp_x1.2
5.4,128.8,8096.32,202131259.06,1388103182.2680001,-1942.0,36.2,103.0,2027,Łódzkie,19.860575714285723,education_exp_x1.2
5.4,128.8,8096.32,202131259.06,1388103182.2680001,-1942.0,36.2,103.0,2028,Łódzkie,19.860575714285723,education_exp_x1.2
5.4,128.8,8096.32,202131259.06,1388103182.2680001,-1942.0,36.2,103.0,2029,Łódzkie,19.860575714285723,education_exp_x1.2
5.4,128.8,8096.32,202131259.06,1156752651.89,-2330.4,36.2,103.0,2025,Łódzkie,20.262350476190477,migration_balance_x1.2
5.4,128.8,8096.32,202131259.06,1156752651.89,-2330.4,36.2,103.0,2026,Łódzkie,20.262350476190477,migration_balance_x1.2
5.4,128.8,8096.32,202131259.06,1156752651.89,-2330.4,36.2,103.0,2027,Łódzkie,20.262350476190477,migration_balance_x1.2
5.4,128.8,8096.32,202131259.06,1156752651.89,-2330.4,36.2,103.0,2028,Łódzkie,20.262350476190477,migration_balance_x1.2
5.4,128.8,8096.32,202131259.06,1156752651.89,-2330.4,36.2,103.0,2029,Łódzkie,20.262350476190477,migration_balance_x1.2
5.4,128.8,8096.32,202131259.06,1156752651.89,-1942.0,43.440000000000005,103.0,2025,Łódzkie,19.873200714285723,tourism_usage_x1.2
5.4,128.8,8096.32,202131259.06,1156752651.89,-1942.0,43.440000000000005,103.0,2026,Łódzkie,19.873200714285723,tourism_usage_x1.2
5.4,128.8,8096.32,202131259.06,1156752651.89,-1942.0,43.440000000000005,103.0,2027,Łódzkie,19.873200714285723,tourism_usage_x1.2
5.4,128.8,8096.32,202131259.06,1156752651.89,-1942.0,43.440000000000005,103.0,2028,Łódzkie,19.873200714285723,tourism_usage_x1.2
5.4,128.8,8096.32,202131259.06,1156752651.89,-1942.0,43.440000000000005,103.0,2029,Łódzkie,19.873200714285723,tourism_usage_x1.2
5.4,128.8,8096.32,202131259.06,1156752651.89,-1942.0,36.2,123.6,2025,Łódzkie,20.407938452380957,inflation_x1.2
5.4,128.8,8096.32,202131259.06,1156752651.89,-1942.0,36.2,123.6,2026,Łódzkie,20.407938452380957,inflation_x1.2
5.4,128.8,8096.32,202131259.06,1156752651.89,-1942.0,36.2,123.6,2027,Łódzkie,20.407938452380957,inflation_x1.2
5.4,128.8,8096.32,202131259.06,1156752651.89,-1942.0,36.2,123.6,2028,Łódzkie,20.407938452380957,inflation_x1.2
5.4,128.8,8096.32,202131259.06,1156752651.89,-1942.0,36.2,123.6,2029,Łódzkie,20.407938452380957,inflation_x1.2
3.6,347.9,8537.54,223664862.4,1201971783.35,-3953.0,40.3,104.0,2025,Śląskie,26.428530952380942,BAZA_2024_STABILNE
3.6,347.9,8537.54,223664862.4,1201971783.35,-3953.0,40.3,104.0,2026,Śląskie,26.428530952380942,BAZA_2024_STABILNE
3.6,347.9,8537.54,223664862.4,1201971783.35,-3953.0,40.3,104.0,2027,Śląskie,26.428530952380942,BAZA_2024_STABILNE
3.6,347.9,8537.54,223664862.4,1201971783.35,-3953.0,40.3,104.0,2028,Śląskie,26.428530952380942,BAZA_2024_STABILNE
3.6,347.9,8537.54,223664862.4,1201971783.35,-3953.0,40.3,104.0,2029,Śląskie,26.428530952380942,BAZA_2024_STABILNE
4.32,347.9,8537.54,223664862.4,1201971783.35,-3953.0,40.3,104.0,2025,Śląskie,26.466908452380945,unemployment_x1.2
4.32,347.9,8537.54,223664862.4,1201971783.35,-3953.0,40.3,104.0,2026,Śląskie,26.466908452380945,unemployment_x1.2
4.32,347.9,8537.54,223664862.4,1201971783.35,-3953.0,40.3,104.0,2027,Śląskie,26.466908452380945,unemployment_x1.2
4.32,347.9,8537.54,223664862.4,1201971783.35,-3953.0,40.3,104.0,2028,Śląskie,26.466908452380945,unemployment_x1.2
4.32,347.9,8537.54,223664862.4,1201971783.35,-3953.0,40.3,104.0,2029,Śląskie,26.466908452380945,unemployment_x1.2
3.6,417.47999999999996,8537.54,223664862.4,1201971783.35,-3953.0,40.3,104.0,2025,Śląskie,28.13308222943722,population_density_x1.2
3.6,417.47999999999996,8537.54,223664862.4,1201971783.35,-3953.0,40.3,104.0,2026,Śląskie,28.13308222943722,population_density_x1.2
3.6,417.47999999999996,8537.54,223664862.4,1201971783.35,-3953.0,40.3,104.0,2027,Śląskie,28.13308222943722,population_density_x1.2
3.6,417.47999999999996,8537.54,223664862.4,1201971783.35,-3953.0,40.3,104.0,2028,Śląskie,28.13308222943722,population_density_x1.2
3.6,417.47999999999996,8537.54,223664862.4,1201971783.35,-3953.0,40.3,104.0,2029,Śląskie,28.13308222943722,population_density_x1.2
3.6,347.9,10245.048,223664862.4,1201971783.35,-3953.0,40.3,104.0,2025,Śląskie,26.428530952380942,avg_salary_x1.2
3.6,347.9,10245.048,223664862.4,1201971783.35,-3953.0,40.3,104.0,2026,Śląskie,26.428530952380942,avg_salary_x1.2
3.6,347.9,10245.048,223664862.4,1201971783.35,-3953.0,40.3,104.0,2027,Śląskie,26.428530952380942,avg_salary_x1.2
3.6,347.9,10245.048,223664862.4,1201971783.35,-3953.0,40.3,104.0,2028,Śląskie,26.428530952380942,avg_salary_x1.2
3.6,347.9,10245.048,223664862.4,1201971783.35,-3953.0,40.3,104.0,2029,Śląskie,26.428530952380942,avg_salary_x1.2
3.6,347.9,8537.54,268397834.88,1201971783.35,-3953.0,40.3,104.0,2025,Śląskie,27.831752738095226,public_safety_exp_x1.2
3.6,347.9,8537.54,268397834.88,1201971783.35,-3953.0,40.3,104.0,2026,Śląskie,27.831752738095226,public_safety_exp_x1.2
3.6,347.9,8537.54,268397834.88,1201971783.35,-3953.0,40.3,104.0,2027,Śląskie,27.831752738095226,public_safety_exp_x1.2
3.6,347.9,8537.54,268397834.88,1201971783.35,-3953.0,40.3,104.0,2028,Śląskie,27.831752738095226,public_safety_exp_x1.2
3.6,347.9,8537.54,268397834.88,1201971783.35,-3953.0,40.3,104.0,2029,Śląskie,27.831752738095226,public_safety_exp_x1.2
3.6,347.9,8537.54,223664862.4,1442366140.0199997,-3953.0,40.3,104.0,2025,Śląskie,26.428530952380942,education_exp_x1.2
3.6,347.9,8537.54,223664862.4,1442366140.0199997,-3953.0,40.3,104.0,2026,Śląskie,26.428530952380942,education_exp_x1.2
3.6,347.9,8537.54,223664862.4,1442366140.0199997,-3953.0,40.3,104.0,2027,Śląskie,26.428530952380942,education_exp_x1.2
3.6,347.9,8537.54,223664862.4,1442366140.0199997,-3953.0,40.3,104.0,2028,Śląskie,26.428530952380942,education_exp_x1.2
3.6,347.9,8537.54,223664862.4,1442366140.0199997,-3953.0,40.3,104.0,2029,Śląskie,26.428530952380942,education_exp_x1.2
3.6,347.9,8537.54,223664862.4,1201971783.35,-4743.599999999999,40.3,104.0,2025,Śląskie,27.50169749999999,migration_balance_x1.2
3.6,347.9,8537.54,223664862.4,1201971783.35,-4743.599999999999,40.3,104.0,2026,Śląskie,27.50169749999999,migration_balance_x1.2
3.6,347.9,8537.54,223664862.4,1201971783.35,-4743.599999999999,40.3,104.0,2027,Śląskie,27.50169749999999,migration_balance_x1.2
3.6,347.9,8537.54,223664862.4,1201971783.35,-4743.599999999999,40.3,104.0,2028,Śląskie,27.50169749999999,migration_balance_x1.2
3.6,347.9,8537.54,223664862.4,1201971783.35,-4743.599999999999,40.3,104.0,2029,Śląskie,27.50169749999999,migration_balance_x1.2
3.6,347.9,8537.54,223664862.4,1201971783.35,-3953.0,48.35999999999999,104.0,2025,Śląskie,26.446950952380945,tourism_usage_x1.2
3.6,347.9,8537.54,223664862.4,1201971783.35,-3953.0,48.35999999999999,104.0,2026,Śląskie,26.446950952380945,tourism_usage_x1.2
3.6,347.9,8537.54,223664862.4,1201971783.35,-3953.0,48.35999999999999,104.0,2027,Śląskie,26.446950952380945,tourism_usage_x1.2
3.6,347.9,8537.54,223664862.4,1201971783.35,-3953.0,48.35999999999999,104.0,2028,Śląskie,26.446950952380945,tourism_usage_x1.2
3.6,347.9,8537.54,223664862.4,1201971783.35,-3953.0,48.35999999999999,104.0,2029,Śląskie,26.446950952380945,tourism_usage_x1.2
3.6,347.9,8537.54,223664862.4,1201971783.35,-3953.0,40.3,124.8,2025,Śląskie,28.910730595238075,inflation_x1.2
3.6,347.9,8537.54,223664862.4,1201971783.35,-3953.0,40.3,124.8,2026,Śląskie,28.910730595238075,inflation_x1.2
3.6,347.9,8537.54,223664862.4,1201971783.35,-3953.0,40.3,124.8,2027,Śląskie,28.910730595238075,inflation_x1.2
3.6,347.9,8537.54,223664862.4,1201971783.35,-3953.0,40.3,124.8,2028,Śląskie,28.910730595238075,inflation_x1.2
3.6,347.9,8537.54,223664862.4,1201971783.35,-3953.0,40.3,124.8,2029,Śląskie,28.910730595238075,inflation_x1.2
7.5,98.9,7664.18,128664469.62,765078229.27,-1229.0,36.0,102.9,2025,Świętokrzyskie,16.832504047619047,BAZA_2024_STABILNE
7.5,98.9,7664.18,128664469.62,765078229.27,-1229.0,36.0,102.9,2026,Świętokrzyskie,16.832504047619047,BAZA_2024_STABILNE
7.5,98.9,7664.18,128664469.62,765078229.27,-1229.0,36.0,102.9,2027,Świętokrzyskie,16.832504047619047,BAZA_2024_STABILNE
7.5,98.9,7664.18,128664469.62,765078229.27,-1229.0,36.0,102.9,2028,Świętokrzyskie,16.832504047619047,BAZA_2024_STABILNE
7.5,98.9,7664.18,128664469.62,765078229.27,-1229.0,36.0,102.9,2029,Świętokrzyskie,16.832504047619047,BAZA_2024_STABILNE
9.0,98.9,7664.18,128664469.62,765078229.27,-1229.0,36.0,102.9,2025,Świętokrzyskie,16.962513809523806,unemployment_x1.2
9.0,98.9,7664.18,128664469.62,765078229.27,-1229.0,36.0,102.9,2026,Świętokrzyskie,16.962513809523806,unemployment_x1.2
9.0,98.9,7664.18,128664469.62,765078229.27,-1229.0,36.0,102.9,2027,Świętokrzyskie,16.962513809523806,unemployment_x1.2
9.0,98.9,7664.18,128664469.62,765078229.27,-1229.0,36.0,102.9,2028,Świętokrzyskie,16.962513809523806,unemployment_x1.2
9.0,98.9,7664.18,128664469.62,765078229.27,-1229.0,36.0,102.9,2029,Świętokrzyskie,16.962513809523806,unemployment_x1.2
7.5,118.68,7664.18,128664469.62,765078229.27,-1229.0,36.0,102.9,2025,Świętokrzyskie,22.873340714285703,population_density_x1.2
7.5,118.68,7664.18,128664469.62,765078229.27,-1229.0,36.0,102.9,2026,Świętokrzyskie,22.873340714285703,population_density_x1.2
7.5,118.68,7664.18,128664469.62,765078229.27,-1229.0,36.0,102.9,2027,Świętokrzyskie,22.873340714285703,population_density_x1.2
7.5,118.68,7664.18,128664469.62,765078229.27,-1229.0,36.0,102.9,2028,Świętokrzyskie,22.873340714285703,population_density_x1.2
7.5,118.68,7664.18,128664469.62,765078229.27,-1229.0,36.0,102.9,2029,Świętokrzyskie,22.873340714285703,population_density_x1.2
7.5,98.9,9197.016,128664469.62,765078229.27,-1229.0,36.0,102.9,2025,Świętokrzyskie,16.832504047619047,avg_salary_x1.2
7.5,98.9,9197.016,128664469.62,765078229.27,-1229.0,36.0,102.9,2026,Świętokrzyskie,16.832504047619047,avg_salary_x1.2
7.5,98.9,9197.016,128664469.62,765078229.27,-1229.0,36.0,102.9,2027,Świętokrzyskie,16.832504047619047,avg_salary_x1.2
7.5,98.9,9197.016,128664469.62,765078229.27,-1229.0,36.0,102.9,2028,Świętokrzyskie,16.832504047619047,avg_salary_x1.2
7.5,98.9,9197.016,128664469.62,765078229.27,-1229.0,36.0,102.9,2029,Świętokrzyskie,16.832504047619047,avg_salary_x1.2
7.5,98.9,7664.18,154397363.544,765078229.27,-1229.0,36.0,102.9,2025,Świętokrzyskie,16.832504047619047,public_safety_exp_x1.2
7.5,98.9,7664.18,154397363.544,765078229.27,-1229.0,36.0,102.9,2026,Świętokrzyskie,16.832504047619047,public_safety_exp_x1.2
7.5,98.9,7664.18,154397363.544,765078229.27,-1229.0,36.0,102.9,2027,Świętokrzyskie,16.832504047619047,public_safety_exp_x1.2
7.5,98.9,7664.18,154397363.544,765078229.27,-1229.0,36.0,102.9,2028,Świętokrzyskie,16.832504047619047,public_safety_exp_x1.2
7.5,98.9,7664.18,154397363.544,765078229.27,-1229.0,36.0,102.9,2029,Świętokrzyskie,16.832504047619047,public_safety_exp_x1.2
7.5,98.9,7664.18,128664469.62,918093875.124,-1229.0,36.0,102.9,2025,Świętokrzyskie,16.832504047619047,education_exp_x1.2
7.5,98.9,7664.18,128664469.62,918093875.124,-1229.0,36.0,102.9,2026,Świętokrzyskie,16.832504047619047,education_exp_x1.2
7.5,98.9,7664.18,128664469.62,918093875.124,-1229.0,36.0,102.9,2027,Świętokrzyskie,16.832504047619047,education_exp_x1.2
7.5,98.9,7664.18,128664469.62,918093875.124,-1229.0,36.0,102.9,2028,Świętokrzyskie,16.832504047619047,education_exp_x1.2
7.5,98.9,7664.18,128664469.62,918093875.124,-1229.0,36.0,102.9,2029,Świętokrzyskie,16.832504047619047,education_exp_x1.2
7.5,98.9,7664.18,128664469.62,765078229.27,-1474.8,36.0,102.9,2025,Świętokrzyskie,16.832504047619047,migration_balance_x1.2
7.5,98.9,7664.18,128664469.62,765078229.27,-1474.8,36.0,102.9,2026,Świętokrzyskie,16.832504047619047,migration_balance_x1.2
7.5,98.9,7664.18,128664469.62,765078229.27,-1474.8,36.0,102.9,2027,Świętokrzyskie,16.832504047619047,migration_balance_x1.2
7.5,98.9,7664.18,128664469.62,765078229.27,-1474.8,36.0,102.9,2028,Świętokrzyskie,16.832504047619047,migration_balance_x1.2
7.5,98.9,7664.18,128664469.62,765078229.27,-1474.8,36.0,102.9,2029,Świętokrzyskie,16.832504047619047,migration_balance_x1.2
7.5,98.9,7664.18,128664469.62,765078229.27,-1229.0,43.199999999999996,102.9,2025,Świętokrzyskie,16.832504047619047,tourism_usage_x1.2
7.5,98.9,7664.18,128664469.62,765078229.27,-1229.0,43.199999999999996,102.9,2026,Świętokrzyskie,16.832504047619047,tourism_usage_x1.2
7.5,98.9,7664.18,128664469.62,765078229.27,-1229.0,43.199999999999996,102.9,2027,Świętokrzyskie,16.832504047619047,tourism_usage_x1.2
7.5,98.9,7664.18,128664469.62,765078229.27,-1229.0,43.199999999999996,102.9,2028,Świętokrzyskie,16.832504047619047,tourism_usage_x1.2
7.5,98.9,7664.18,128664469.62,765078229.27,-1229.0,43.199999999999996,102.9,2029,Świętokrzyskie,16.832504047619047,tourism_usage_x1.2
7.5,98.9,7664.18,128664469.62,765078229.27,-1229.0,36.0,123.48,2025,Świętokrzyskie,18.2367794047619,inflation_x1.2
7.5,98.9,7664.18,128664469.62,765078229.27,-1229.0,36.0,123.48,2026,Świętokrzyskie,18.2367794047619,inflation_x1.2
7.5,98.9,7664.18,128664469.62,765078229.27,-1229.0,36.0,123.48,2027,Świętokrzyskie,18.2367794047619,inflation_x1.2
7.5,98.9,7664.18,128664469.62,765078229.27,-1229.0,36.0,123.48,2028,Świętokrzyskie,18.2367794047619,inflation_x1.2
7.5,98.9,7664.18,128664469.62,765078229.27,-1229.0,36.0,123.48,2029,Świętokrzyskie,18.2367794047619,inflation_x1.2
